"","V1","V2","V3","V4"
"1",1,0,1,0
"2",1,0,1,0
"3",1,0,1,0
"4",1,0,1,0
"5",1,0,1,0
"6",1,0,1,0
"7",1,0,1,0
"8",1,0,1,0
"9",1,0,1,0
"10",1,0,0,1
"11",1,0,1,0
"12",1,0,1,0
"13",1,0,1,0
"14",1,0,1,0
"15",1,0,1,0
"16",1,0,1,0
"17",1,1.40229170467633e-38,1,0
"18",1,0,1,0
"19",1,0,0,1
"20",1,0,1,0
"21",1,0,1,0
"22",1,0,1,0
"23",1,0,0,1
"24",1,0,1,0
"25",1,0,1,0
"26",1,0,1,0
"27",1,0,1,0
"28",1,0,1,0
"29",1,2.09925659525494e-18,1,0
"30",1,0,1,0
"31",1,0,0,1
"32",1,0,1,0
"33",1,0,1,0
"34",1,4.3357991580645e-33,1,0
"35",1,0,0,1
"36",1,0,1,0
"37",1,0,1,0
"38",1,0,1,0
"39",1,0,1,0
"40",1,0,1,0
"41",1,0,1,0
"42",1,0,1,0
"43",1,0,1,0
"44",1,4.11229589877132e-13,1,0
"45",1,0,1,0
"46",1,0,1,0
"47",1,1.21877715631724e-25,1,0
"48",1,0,1,0
"49",1,0,1,0
"50",1,0,1,0
"51",1,0,1,0
"52",1,0,1,0
"53",1,0,1,0
"54",1,0,1,0
"55",1,0,1,0
"56",1,0,1,0
"57",1,0,1,0
"58",1,0,1,0
"59",1,0,1,0
"60",1,0,1,0
"61",1,0,1,0
"62",1,2.25658066937765e-22,1,0
"63",1,0,1,0
"64",1,0,1,0
"65",1,0,1,0
"66",1,0,1,0
"67",1,0,1,0
"68",1,0,1,0
"69",1,0,1,0
"70",1,0,1,0
"71",1,0,1,0
"72",1,0,1,0
"73",1,0,1,0
"74",1,0,1,0
"75",1,0,1,0
"76",1,0,1,0
"77",1,0,1,0
"78",1,0,1,0
"79",1,0,1,0
"80",1,0,1,0
"81",1,0,0,1
"82",1,0,1,0
"83",1,0,1,0
"84",1,0,1,0
"85",1,0,1,0
"86",1,0,1,0
"87",1,0,1,0
"88",1,3.42896280048136e-15,1,0
"89",1,0,1,0
"90",1,0,1,0
"91",1,0,1,0
"92",1,4.65030065124609e-34,1,0
"93",1,0,1,0
"94",1,0,1,0
"95",1,0,0,1
"96",1,7.92777353096401e-25,1,0
"97",1,0,0,1
"98",1,0,1,0
"99",1,0,1,0
"100",1,0,1,0
"101",1,0,1,0
"102",1,0,0,1
"103",1,0,1,0
"104",1,1.59425128630566e-22,1,0
"105",1,0,1,0
"106",1,0,0,1
"107",1,0,1,0
"108",1,1.82507574332905e-34,1,0
"109",1,0,1,0
"110",1,0,1,0
"111",1,0,1,0
"112",1,0,1,0
"113",1,0,1,0
"114",1,0,1,0
"115",1,0,1,0
"116",1,0,0,1
"117",1,0,1,0
"118",1,0,0,1
"119",1,0,1,0
"120",1,0,1,0
"121",1,0,1,0
"122",1,0,1,0
"123",1,0,1,0
"124",1,0,1,0
"125",1,0,1,0
"126",1,0,1,0
"127",1,0,1,0
"128",1,0,0,1
"129",1,0,1,0
"130",1,0,1,0
"131",1,0,1,0
"132",1,0,1,0
"133",1,0,1,0
"134",1,0,1,0
"135",1,0,1,0
"136",1,0,1,0
"137",1,0,0,1
"138",1,0,1,0
"139",1,0,1,0
"140",1,0,1,0
"141",1,0,1,0
"142",1,1.72507938670663e-22,1,0
"143",1,0,1,0
"144",1,0,0,1
"145",1,0,1,0
"146",1,0,1,0
"147",1,0,1,0
"148",1,6.49233162890173e-13,1,0
"149",1,0,1,0
"150",1,0,1,0
"151",1,0,1,0
"152",1,0,1,0
"153",1,0,1,0
"154",1,0,1,0
"155",1,2.01536042612322e-30,1,0
"156",1,0,1,0
"157",1,0,1,0
"158",1,0,1,0
"159",1,0,0,1
"160",1,0,1,0
"161",1,0,1,0
"162",1,0,1,0
"163",1,0,1,0
"164",1,0,1,0
"165",1,0,1,0
"166",1,0,1,0
"167",1,0,1,0
"168",1,0,1,0
"169",1,0,1,0
"170",1,0,1,0
"171",1,0,1,0
"172",1,0,1,0
"173",1,0,1,0
"174",1,0,1,0
"175",1,8.7621642783881e-33,1,0
"176",1,0,1,0
"177",1,0,1,0
"178",1,0,1,0
"179",1,0,1,0
"180",1,0,1,0
"181",1,0,1,0
"182",1,0,1,0
"183",1,0,1,0
"184",1,0,0,1
"185",1,0,1,0
"186",1,0,1,0
"187",1,0,1,0
"188",1,0,0,1
"189",1,0,1,0
"190",1,0,1,0
"191",1,0,1,0
"192",1,1.5751845027241e-15,1,0
"193",1,0,1,0
"194",1,1.81725505084333e-32,1,0
"195",1,0,1,0
"196",1,0,1,0
"197",1,0,1,0
"198",1,0,1,0
"199",1,0,1,0
"200",1,0,1,0
"201",1,0,1,0
"202",1,0,0,1
"203",1,0,1,0
"204",1,0,1,0
"205",1,0,1,0
"206",1,0,1,0
"207",0.982253074645996,0.0177469942718744,1,0
"208",1,0,1,0
"209",1,0,1,0
"210",1,0,1,0
"211",1,0,1,0
"212",1,0,1,0
"213",1,0,0,1
"214",1,0,1,0
"215",1,0,1,0
"216",1,0,1,0
"217",1,0,1,0
"218",1,0,0,1
"219",1,0,1,0
"220",1,0,1,0
"221",1,0,1,0
"222",1,0,1,0
"223",1,0,1,0
"224",1,0,0,1
"225",1,0,1,0
"226",1,0,0,1
"227",1,0,1,0
"228",1,9.95928864362048e-34,1,0
"229",1,0,1,0
"230",1,0,1,0
"231",1,0,1,0
"232",1,0,1,0
"233",1,0,1,0
"234",1,0,1,0
"235",1,0,1,0
"236",1,0,1,0
"237",1,3.78192876321348e-12,1,0
"238",1,0,1,0
"239",1,0,1,0
"240",1,0,1,0
"241",1,0,1,0
"242",1,0,1,0
"243",1,0,1,0
"244",1,2.4745491836328e-17,1,0
"245",1,0,1,0
"246",1,0,1,0
"247",1,0,1,0
"248",1,0,1,0
"249",1,0,1,0
"250",1,0,1,0
"251",1,0,1,0
"252",1,0,1,0
"253",1,0,1,0
"254",1,0,1,0
"255",1,0,1,0
"256",1,0,1,0
"257",1,0,1,0
"258",1,0,1,0
"259",1,0,1,0
"260",1,0,0,1
"261",1,0,1,0
"262",1,0,1,0
"263",1,0,1,0
"264",1,0,1,0
"265",1,0,1,0
"266",1,0,1,0
"267",1,0,1,0
"268",1,0,0,1
"269",1,0,1,0
"270",1,0,1,0
"271",1,0,1,0
"272",1,0,1,0
"273",1,0,1,0
"274",1,0,1,0
"275",1,0,1,0
"276",1,0,1,0
"277",1,0,1,0
"278",1,0,1,0
"279",1,0,1,0
"280",1,0,1,0
"281",1,0,1,0
"282",1,0,1,0
"283",1,0,1,0
"284",1,3.47134444660175e-36,1,0
"285",1,0,1,0
"286",1,0,1,0
"287",1,0,1,0
"288",1,0,1,0
"289",1,0,1,0
"290",1,0,0,1
"291",1,0,0,1
"292",1,0,1,0
"293",1,0,1,0
"294",1,0,1,0
"295",1,0,1,0
"296",1,0,1,0
"297",1,0,1,0
"298",1,0,1,0
"299",1,0,1,0
"300",1,0,1,0
"301",1,0,1,0
"302",1,0,1,0
"303",1,0,1,0
"304",1,1.36274991680592e-24,1,0
"305",1,0,1,0
"306",1,0,1,0
"307",1,0,1,0
"308",1,0,1,0
"309",1,0,1,0
"310",1,0,1,0
"311",1,0,1,0
"312",1,0,1,0
"313",1,1.22724665729122e-37,1,0
"314",1,0,1,0
"315",1,0,1,0
"316",1,0,1,0
"317",1,0,1,0
"318",1,0,1,0
"319",1,0,1,0
"320",1,0,0,1
"321",1,0,0,1
"322",1,0,1,0
"323",1,0,1,0
"324",1,0,1,0
"325",1,0,1,0
"326",1,0,0,1
"327",1,1.86793995094049e-22,1,0
"328",1,0,0,1
"329",1,0,1,0
"330",1,0,0,1
"331",1,0,1,0
"332",1,0,1,0
"333",1,0,1,0
"334",1,0,1,0
"335",1,0,1,0
"336",1,0,1,0
"337",1,0,1,0
"338",1,0,1,0
"339",1,0,1,0
"340",1,0,0,1
"341",1,0,1,0
"342",1,0,1,0
"343",1,0,1,0
"344",1,0,1,0
"345",1,0,1,0
"346",1,0,1,0
"347",1,0,1,0
"348",1,0,1,0
"349",1,0,1,0
"350",1,8.30477547679511e-19,1,0
"351",1,0,1,0
"352",1,0,1,0
"353",1,0,1,0
"354",1,0,1,0
"355",1,0,1,0
"356",1,0,0,1
"357",1,0,1,0
"358",1,0,1,0
"359",1,0,1,0
"360",1,0,1,0
"361",1,0,1,0
"362",1,0,1,0
"363",1,0,1,0
"364",1,0,1,0
"365",1,0,1,0
"366",1,0,1,0
"367",1,1.32063510357396e-18,1,0
"368",1,0,1,0
"369",1,0,1,0
"370",1,0,1,0
"371",1,0,0,1
"372",1,0,1,0
"373",1,0,1,0
"374",1,0,0,1
"375",1,0,0,1
"376",1,0,0,1
"377",1,0,1,0
"378",1,0,1,0
"379",1,0,1,0
"380",1,9.66335208534464e-16,1,0
"381",1,0,1,0
"382",1,0,1,0
"383",1,0,1,0
"384",1,0,1,0
"385",1,0,0,1
"386",1,0,1,0
"387",1,0,1,0
"388",1,0,1,0
"389",1,1.84326359296427e-23,1,0
"390",1,0,1,0
"391",1,0,1,0
"392",1,0,1,0
"393",1,0,1,0
"394",1,0,1,0
"395",1,0,1,0
"396",1,0,1,0
"397",1,0,1,0
"398",1,0,1,0
"399",1,0,0,1
"400",1,0,1,0
"401",1,0,1,0
"402",1,0,1,0
"403",1,0,1,0
"404",1,0,1,0
"405",1,0,0,1
"406",1,0,1,0
"407",1,0,1,0
"408",1,0,1,0
"409",1,0,1,0
"410",1,0,1,0
"411",1,0,0,1
"412",1,0,1,0
"413",1,0,0,1
"414",1,0,1,0
"415",1,0,1,0
"416",1,0,0,1
"417",1,0,0,1
"418",1,0,1,0
"419",1,0,1,0
"420",1,8.17056115725835e-20,1,0
"421",1,0,1,0
"422",1,0,1,0
"423",1,0,0,1
"424",1,0,1,0
"425",1,0,1,0
"426",1,0,1,0
"427",1,0,1,0
"428",1,0,1,0
"429",1,0,1,0
"430",1,0,1,0
"431",1,0,1,0
"432",1,0,1,0
"433",1,0,1,0
"434",1,0,1,0
"435",1,0,1,0
"436",1,0,1,0
"437",1,0,1,0
"438",1,0,1,0
"439",1,1.10112938084464e-30,1,0
"440",1,0,1,0
"441",1,0,1,0
"442",1,0,1,0
"443",1,0,1,0
"444",1,0,1,0
"445",1,0,1,0
"446",1,0,1,0
"447",1,0,1,0
"448",1,2.08775289777228e-29,1,0
"449",1,0,1,0
"450",1,0,1,0
"451",1,0,1,0
"452",1,0,1,0
"453",1,0,1,0
"454",1,0,1,0
"455",1,3.10734599183057e-17,1,0
"456",1,0,1,0
"457",1,0,1,0
"458",1,9.25511371187718e-33,0,1
"459",1,0,1,0
"460",1,0,1,0
"461",1,0,1,0
"462",1,0,0,1
"463",1,0,1,0
"464",1,0,0,1
"465",1,0,1,0
"466",1,0,1,0
"467",1,0,0,1
"468",1,0,1,0
"469",1,0,1,0
"470",1,0,1,0
"471",1,0,1,0
"472",1,0,1,0
"473",1,0,1,0
"474",1,0,1,0
"475",1,0,1,0
"476",1,0,1,0
"477",1,0,1,0
"478",1,5.33358012161193e-15,1,0
"479",1,0,1,0
"480",1,0,1,0
"481",1,0,1,0
"482",1,0,1,0
"483",1,0,1,0
"484",1,0,1,0
"485",1,0,1,0
"486",1,0,0,1
"487",1,0,1,0
"488",1,0,1,0
"489",1,6.32541174994117e-09,1,0
"490",1,0,1,0
"491",1,0,1,0
"492",1,0,1,0
"493",1,0,1,0
"494",1,0,1,0
"495",1,0,1,0
"496",1,0,1,0
"497",1,4.7928779112405e-30,1,0
"498",1,0,1,0
"499",1,0,0,1
"500",1,0,1,0
"501",1,0,1,0
"502",1,0,1,0
"503",1,0,1,0
"504",1,0,1,0
"505",1,0,1,0
"506",1,0,1,0
"507",1,0,1,0
"508",1,0,1,0
"509",1,0,1,0
"510",1,0,1,0
"511",1,0,1,0
"512",1,0,1,0
"513",1,0,1,0
"514",1,0,1,0
"515",1,0,1,0
"516",1,0,1,0
"517",1,0,1,0
"518",1,0,1,0
"519",1,0,1,0
"520",1,0,0,1
"521",1,0,1,0
"522",1,0,1,0
"523",1,0,1,0
"524",1,0,1,0
"525",1,0,1,0
"526",1,0,1,0
"527",1,0,0,1
"528",1,0,1,0
"529",1,0,1,0
"530",1,0,1,0
"531",1,0,1,0
"532",1,0,1,0
"533",1,0,1,0
"534",1,0,1,0
"535",1,0,1,0
"536",1,0,1,0
"537",1,0,1,0
"538",1,0,1,0
"539",1,0,1,0
"540",1,0,1,0
"541",1,2.14340956482609e-30,1,0
"542",1,0,0,1
"543",1,0,1,0
"544",1,0,1,0
"545",1,0,1,0
"546",1,0,1,0
"547",1,0,1,0
"548",1,0,1,0
"549",1,0,1,0
"550",1,1.75402926453053e-24,0,1
"551",1,0,1,0
"552",1,0,1,0
"553",1,0,1,0
"554",1,0,0,1
"555",1,0,1,0
"556",1,0,0,1
"557",1,0,1,0
"558",1,0,1,0
"559",1,0,1,0
"560",1,0,1,0
"561",1,0,1,0
"562",1,0,0,1
"563",1,0,1,0
"564",1,0,1,0
"565",1,0,1,0
"566",1,0,1,0
"567",1,0,1,0
"568",1,0,1,0
"569",1,4.92380234654269e-24,1,0
"570",1,0,1,0
"571",1,0,1,0
"572",1,0,0,1
"573",1,0,1,0
"574",1,0,1,0
"575",1,0,1,0
"576",1,0,1,0
"577",1,0,1,0
"578",1,5.63131759467637e-31,1,0
"579",1,0,1,0
"580",1,0,1,0
"581",1,2.17652766164954e-34,1,0
"582",1,0,1,0
"583",1,0,1,0
"584",1,0,1,0
"585",1,0,1,0
"586",1,0,1,0
"587",1,0,1,0
"588",1,0,1,0
"589",1,0,1,0
"590",1,0,1,0
"591",1,0,1,0
"592",1,0,1,0
"593",1,0,1,0
"594",1,0,1,0
"595",1,0,0,1
"596",1,0,1,0
"597",1,0,1,0
"598",1,1.37782549311153e-31,0,1
"599",1,0,1,0
"600",1,0,1,0
"601",1,0,1,0
"602",1,4.94437642328246e-16,1,0
"603",1,0,1,0
"604",1,0,1,0
"605",1,0,1,0
"606",1,0,1,0
"607",1,0,1,0
"608",1,0,1,0
"609",1,0,1,0
"610",1,0,1,0
"611",1,0,1,0
"612",1,0,1,0
"613",1,0,1,0
"614",1,0,1,0
"615",1,0,1,0
"616",1,0,1,0
"617",1,0,1,0
"618",1,0,1,0
"619",1,0,1,0
"620",1,0,1,0
"621",1,0,0,1
"622",1,0,1,0
"623",1,0,1,0
"624",1,0,1,0
"625",1,0,1,0
"626",1,0,1,0
"627",1,0,0,1
"628",1,0,1,0
"629",1,0,1,0
"630",1,0,1,0
"631",1,0,1,0
"632",1,0,1,0
"633",1,0,1,0
"634",1,0,1,0
"635",1,0,1,0
"636",1,0,1,0
"637",1,0,1,0
"638",1,0,1,0
"639",1,0,1,0
"640",1,0,1,0
"641",1,0,1,0
"642",1,0,1,0
"643",1,0,1,0
"644",1,0,1,0
"645",1,0,1,0
"646",1,0,1,0
"647",1,0,0,1
"648",1,0,1,0
"649",1,0,1,0
"650",1,0,1,0
"651",1,0,1,0
"652",1,0,0,1
"653",1,0,1,0
"654",1,0,1,0
"655",1,0,1,0
"656",1,1.22538418687321e-23,1,0
"657",1,7.73817769520554e-21,1,0
"658",1,0,1,0
"659",1,0,1,0
"660",1,0,1,0
"661",1,0,1,0
"662",1,0,1,0
"663",1,0,1,0
"664",1,0,1,0
"665",1,0,1,0
"666",1,0,1,0
"667",1,4.10370157522942e-35,1,0
"668",1,2.51181415991924e-15,1,0
"669",1,0,1,0
"670",1,0,1,0
"671",1,0,1,0
"672",1,0,0,1
"673",1,0,1,0
"674",1,0,1,0
"675",1,0,1,0
"676",1,0,1,0
"677",1,0,1,0
"678",1,0,0,1
"679",1,0,1,0
"680",1,0,1,0
"681",1,0,1,0
"682",1,0,1,0
"683",1,0,1,0
"684",0.999995231628418,4.75982551506604e-06,1,0
"685",1,0,0,1
"686",0.99999988079071,9.56156185338841e-08,1,0
"687",1,0,1,0
"688",1,0,1,0
"689",1,0,1,0
"690",1,0,1,0
"691",1,0,1,0
"692",1,0,1,0
"693",1,0,1,0
"694",1,0,1,0
"695",1,0,1,0
"696",1,0,1,0
"697",1,0,1,0
"698",1,0,1,0
"699",1,0,1,0
"700",1,0,1,0
"701",1,0,1,0
"702",1,0,1,0
"703",1,0,1,0
"704",1,0,1,0
"705",1,0,1,0
"706",1,0,1,0
"707",1,0,1,0
"708",1,0,1,0
"709",1,0,1,0
"710",1,0,1,0
"711",1,0,1,0
"712",1,0,1,0
"713",1,0,1,0
"714",1,0,1,0
"715",1,0,1,0
"716",1,0,1,0
"717",1,0,1,0
"718",1,0,1,0
"719",1,0,0,1
"720",1,0,1,0
"721",1,0,1,0
"722",1,0,1,0
"723",1,0,1,0
"724",1,0,1,0
"725",1,0,1,0
"726",1,0,1,0
"727",1,0,1,0
"728",1,0,1,0
"729",1,0,1,0
"730",1,0,1,0
"731",1,0,1,0
"732",1,0,1,0
"733",1,0,1,0
"734",1,0,0,1
"735",1,0,1,0
"736",1,0,1,0
"737",1,0,1,0
"738",1,0,1,0
"739",1,0,1,0
"740",1,0,1,0
"741",1,0,1,0
"742",1,0,1,0
"743",1,0,0,1
"744",1,8.04846219026213e-20,1,0
"745",1,1.0201312608145e-31,1,0
"746",1,0,1,0
"747",1,0,1,0
"748",1,0,1,0
"749",1,0,1,0
"750",1,0,1,0
"751",1,0,1,0
"752",1,0,1,0
"753",1,0,1,0
"754",1,9.81737952915368e-20,1,0
"755",1,0,1,0
"756",1,0,1,0
"757",1,0,1,0
"758",1,0,1,0
"759",1,0,1,0
"760",1,0,0,1
"761",1,0,1,0
"762",1,0,1,0
"763",1,0,1,0
"764",1,0,1,0
"765",1,0,1,0
"766",1,0,1,0
"767",1,3.85944120747402e-20,1,0
"768",1,0,1,0
"769",1,0,1,0
"770",1,6.94410028171989e-31,1,0
"771",1,0,1,0
"772",1,0,1,0
"773",1,0,1,0
"774",1,0,1,0
"775",1,0,1,0
"776",1,0,0,1
"777",1,0,0,1
"778",1,0,1,0
"779",1,0,1,0
"780",1,0,1,0
"781",1,0,1,0
"782",1,0,1,0
"783",1,0,1,0
"784",1,0,0,1
"785",1,0,1,0
"786",1,1.31541415943055e-36,1,0
"787",1,0,1,0
"788",1,1.31336853838136e-21,1,0
"789",1,0,1,0
"790",1,0,1,0
"791",1,0,1,0
"792",1,0,1,0
"793",1,0,1,0
"794",1,0,1,0
"795",1,0,1,0
"796",1,0,1,0
"797",1,0,1,0
"798",1,0,1,0
"799",1,0,1,0
"800",1,0,1,0
"801",1,0,1,0
"802",1,0,1,0
"803",1,0,1,0
"804",1,0,1,0
"805",1,0,1,0
"806",1,0,1,0
"807",1,0,0,1
"808",1,0,1,0
"809",1,0,1,0
"810",1,0,1,0
"811",1,0,1,0
"812",1,0,1,0
"813",1,0,1,0
"814",1,0,1,0
"815",1,0,1,0
"816",1,0,1,0
"817",1,0,1,0
"818",1,0,1,0
"819",1,0,1,0
"820",1,0,1,0
"821",1,0,1,0
"822",1,0,1,0
"823",1,0,1,0
"824",1,0,1,0
"825",1,0,1,0
"826",1,0,1,0
"827",1,0,1,0
"828",1,0,1,0
"829",1,0,1,0
"830",1,0,1,0
"831",1,0,1,0
"832",1,0,1,0
"833",1,3.08927383674273e-10,1,0
"834",1,5.98354785062483e-36,1,0
"835",1,0,0,1
"836",1,0,1,0
"837",1,0,1,0
"838",1,0,1,0
"839",1,0,1,0
"840",1,0,1,0
"841",1,0,1,0
"842",1,0,1,0
"843",1,0,1,0
"844",1,0,1,0
"845",1,0,1,0
"846",1,0,1,0
"847",1,0,1,0
"848",1,0,1,0
"849",1,0,1,0
"850",1,0,1,0
"851",1,0,1,0
"852",1,0,1,0
"853",1,0,1,0
"854",1,1.18774170891407e-31,1,0
"855",1,0,1,0
"856",1,0,1,0
"857",1,0,1,0
"858",1,0,1,0
"859",1,0,1,0
"860",1,0,1,0
"861",1,0,1,0
"862",1,0,0,1
"863",1,3.60808800236558e-27,1,0
"864",1,0,1,0
"865",1,0,1,0
"866",1,0,1,0
"867",1,0,1,0
"868",1,0,1,0
"869",1,0,1,0
"870",1,0,1,0
"871",1,0,0,1
"872",1,0,1,0
"873",1,0,1,0
"874",1,0,1,0
"875",1,0,1,0
"876",1,0,0,1
"877",1,0,1,0
"878",1,0,1,0
"879",1,0,0,1
"880",1,0,0,1
"881",1,0,1,0
"882",1,0,1,0
"883",1,0,1,0
"884",1,0,1,0
"885",1,0,1,0
"886",1,0,1,0
"887",1,0,1,0
"888",1,0,1,0
"889",1,0,1,0
"890",1,0,1,0
"891",1,0,1,0
"892",1,0,1,0
"893",1,0,1,0
"894",1,0,1,0
"895",1,0,1,0
"896",1,0,1,0
"897",1,0,1,0
"898",1,0,1,0
"899",1,0,1,0
"900",1,0,1,0
"901",1,3.16090807094305e-31,1,0
"902",1,0,1,0
"903",1,0,1,0
"904",1,0,1,0
"905",1,0,1,0
"906",1,0,1,0
"907",1,0,1,0
"908",1,0,1,0
"909",1,0,1,0
"910",1,0,1,0
"911",1,0,1,0
"912",1,0,1,0
"913",1,0,1,0
"914",1,0,1,0
"915",1,0,0,1
"916",1,0,1,0
"917",1,0,1,0
"918",1,0,1,0
"919",1,0,1,0
"920",1,0,1,0
"921",1,0,1,0
"922",1,0,1,0
"923",1,0,1,0
"924",1,0,1,0
"925",1,0,0,1
"926",1,0,1,0
"927",1,0,1,0
"928",1,0,1,0
"929",1,0,1,0
"930",1,0,1,0
"931",1,0,1,0
"932",1,0,1,0
"933",1,6.1016590144062e-20,1,0
"934",1,0,0,1
"935",1,0,1,0
"936",1,0,1,0
"937",1,0,1,0
"938",1,0,1,0
"939",1,0,1,0
"940",1,0,1,0
"941",1,0,1,0
"942",1,4.51707596226144e-32,1,0
"943",1,0,1,0
"944",1,0,1,0
"945",1,0,1,0
"946",1,0,1,0
"947",1,0,1,0
"948",1,0,1,0
"949",1,0,1,0
"950",1,0,1,0
"951",1,0,0,1
"952",1,0,1,0
"953",1,0,1,0
"954",1,2.57302978158873e-14,1,0
"955",1,0,1,0
"956",1,0,1,0
"957",1,0,1,0
"958",1,0,1,0
"959",1,0,0,1
"960",1,0,1,0
"961",1,0,1,0
"962",1,0,1,0
"963",1,0,1,0
"964",1,0,1,0
"965",1,0,1,0
"966",1,0,1,0
"967",1,0,1,0
"968",1,0,1,0
"969",1,0,1,0
"970",1,0,1,0
"971",1,0,1,0
"972",1,0,0,1
"973",1,0,1,0
"974",1,0,1,0
"975",1,0,0,1
"976",1,7.32652690128326e-21,1,0
"977",1,0,1,0
"978",1,0,1,0
"979",1,0,1,0
"980",1,0,1,0
"981",1,0,1,0
"982",1,2.27951951178305e-27,1,0
"983",1,0,1,0
"984",1,0,1,0
"985",1,0,1,0
"986",1,0,1,0
"987",1,0,1,0
"988",1,0,1,0
"989",1,0,1,0
"990",1,0,1,0
"991",1,0,1,0
"992",1,0,1,0
"993",1,0,1,0
"994",1,0,1,0
"995",1,0,1,0
"996",1,0,1,0
"997",1,0,1,0
"998",1,0,1,0
"999",1,0,1,0
"1000",1,0,1,0
"1001",1,0,1,0
"1002",1,0,1,0
"1003",1,0,1,0
"1004",1,0,1,0
"1005",1,0,1,0
"1006",1,1.22509880183377e-31,1,0
"1007",1,0,1,0
"1008",1,0,1,0
"1009",1,0,1,0
"1010",1,0,1,0
"1011",1,0,1,0
"1012",1,0,1,0
"1013",1,0,1,0
"1014",1,0,1,0
"1015",1,1.6680218942841e-38,1,0
"1016",1,0,0,1
"1017",1,0,0,1
"1018",1,0,0,1
"1019",1,0,1,0
"1020",1,0,1,0
"1021",1,0,1,0
"1022",1,0,0,1
"1023",1,0,1,0
"1024",1,0,1,0
"1025",1,0,1,0
"1026",1,0,1,0
"1027",1,0,1,0
"1028",1,0,1,0
"1029",1,0,0,1
"1030",1,0,1,0
"1031",1,0,1,0
"1032",1,0,1,0
"1033",1,0,1,0
"1034",1,0,1,0
"1035",1,0,1,0
"1036",1,0,1,0
"1037",1,0,1,0
"1038",1,0,1,0
"1039",1,0,1,0
"1040",1,0,1,0
"1041",1,0,0,1
"1042",1,0,1,0
"1043",1,0,1,0
"1044",1,0,1,0
"1045",1,0,1,0
"1046",1,0,1,0
"1047",1,0,1,0
"1048",1,1.72787889457877e-29,1,0
"1049",1,0,1,0
"1050",1,0,1,0
"1051",1,0,0,1
"1052",1,0,1,0
"1053",1,0,1,0
"1054",1,0,1,0
"1055",1,0,1,0
"1056",1,0,1,0
"1057",1,0,1,0
"1058",1,1.18845177156171e-26,1,0
"1059",1,0,1,0
"1060",1,0,1,0
"1061",1,0,0,1
"1062",1,0,1,0
"1063",1,0,1,0
"1064",1,0,1,0
"1065",1,0,1,0
"1066",1,0,1,0
"1067",1,3.24652547955081e-38,1,0
"1068",1,0,0,1
"1069",1,5.12617474079218e-18,1,0
"1070",1,0,0,1
"1071",1,0,1,0
"1072",1,0,1,0
"1073",1,0,1,0
"1074",1,0,0,1
"1075",1,0,1,0
"1076",1,2.87060238777214e-33,1,0
"1077",1,0,1,0
"1078",1,0,1,0
"1079",1,0,1,0
"1080",1,0,1,0
"1081",1,0,1,0
"1082",1,0,1,0
"1083",1,0,1,0
"1084",1,0,1,0
"1085",1,0,1,0
"1086",1,0,1,0
"1087",1,0,0,1
"1088",1,0,1,0
"1089",1,0,1,0
"1090",1,0,1,0
"1091",1,0,1,0
"1092",1,0,0,1
"1093",1,0,1,0
"1094",1,0,1,0
"1095",1,0,1,0
"1096",1,0,1,0
"1097",1,0,1,0
"1098",1,0,1,0
"1099",1,0,0,1
"1100",1,0,1,0
"1101",1,0,1,0
"1102",1,0,1,0
"1103",1,0,1,0
"1104",1,3.0170922486933e-23,1,0
"1105",1,1.08280234297438e-21,1,0
"1106",1,1.65399213711673e-17,1,0
"1107",1,4.34825060493446e-35,1,0
"1108",1,0,1,0
"1109",1,0,1,0
"1110",1,0,1,0
"1111",1,0,1,0
"1112",1,0,1,0
"1113",0.991335868835449,0.00866412557661533,1,0
"1114",1,0,1,0
"1115",1,0,1,0
"1116",1,0,1,0
"1117",1,1.98773624072817e-15,1,0
"1118",1,0,1,0
"1119",1,0,1,0
"1120",1,0,1,0
"1121",1,0,1,0
"1122",1,0,1,0
"1123",1,0,1,0
"1124",1,0,1,0
"1125",1,0,1,0
"1126",1,0,1,0
"1127",1,0,1,0
"1128",1,0,1,0
"1129",1,0,1,0
"1130",1,0,1,0
"1131",1,0,1,0
"1132",1,0,1,0
"1133",1,0,1,0
"1134",1,0,1,0
"1135",1,0,0,1
"1136",1,0,1,0
"1137",1,0,0,1
"1138",1,0,1,0
"1139",1,0,1,0
"1140",1,0,1,0
"1141",0.999999761581421,2.97607357424567e-07,1,0
"1142",1,0,1,0
"1143",1,0,1,0
"1144",1,0,1,0
"1145",1,0,1,0
"1146",1,0,1,0
"1147",1,0,1,0
"1148",1,0,1,0
"1149",1,0,1,0
"1150",1,0,1,0
"1151",1,0,1,0
"1152",1,0,1,0
"1153",1,0,1,0
"1154",1,0,1,0
"1155",1,0,1,0
"1156",1,0,1,0
"1157",1,0,0,1
"1158",1,0,1,0
"1159",1,0,0,1
"1160",1,6.14229994886457e-18,1,0
"1161",1,2.94890715555767e-18,1,0
"1162",1,5.51921663927146e-09,1,0
"1163",1,0,1,0
"1164",1,0,1,0
"1165",1,0,1,0
"1166",1,0,1,0
"1167",1,0,1,0
"1168",1,0,1,0
"1169",1,0,1,0
"1170",1,0,1,0
"1171",1,0,1,0
"1172",1,6.34973668396544e-19,1,0
"1173",1,0,1,0
"1174",1,0,1,0
"1175",1,0,1,0
"1176",1,3.42483118030658e-38,1,0
"1177",1,0,1,0
"1178",1,0,1,0
"1179",1,0,1,0
"1180",1,0,1,0
"1181",1,0,1,0
"1182",1,0,0,1
"1183",1,0,1,0
"1184",1,0,1,0
"1185",1,0,1,0
"1186",1,0,1,0
"1187",1,0,1,0
"1188",1,0,1,0
"1189",1,0,1,0
"1190",1,1.03578914334435e-08,1,0
"1191",1,0,1,0
"1192",1,0,1,0
"1193",1,0,1,0
"1194",1,0,1,0
"1195",1,0,1,0
"1196",1,0,0,1
"1197",1,0,1,0
"1198",1,0,1,0
"1199",1,0,1,0
"1200",1,0,1,0
"1201",1,0,1,0
"1202",1,0,1,0
"1203",1,0,1,0
"1204",1,0,1,0
"1205",1,0,1,0
"1206",1,0,1,0
"1207",1,0,0,1
"1208",1,0,1,0
"1209",1,0,1,0
"1210",1,0,1,0
"1211",1,0,1,0
"1212",1,0,1,0
"1213",1,0,0,1
"1214",1,0,1,0
"1215",1,0,1,0
"1216",1,0,1,0
"1217",1,4.22760134191624e-12,0,1
"1218",1,0,0,1
"1219",1,0,1,0
"1220",1,0,1,0
"1221",1,0,1,0
"1222",1,4.67711349371735e-33,1,0
"1223",1,0,1,0
"1224",1,0,1,0
"1225",1,0,1,0
"1226",1,0,1,0
"1227",1,0,1,0
"1228",1,0,1,0
"1229",1,0,1,0
"1230",1,0,1,0
"1231",1,0,1,0
"1232",1,1.27192783982409e-19,1,0
"1233",1,0,1,0
"1234",1,4.27925143982578e-36,1,0
"1235",1,0,1,0
"1236",1,0,0,1
"1237",1,0,0,1
"1238",1,3.67142009533003e-31,0,1
"1239",1,0,1,0
"1240",1,0,1,0
"1241",1,0,1,0
"1242",0.999999165534973,8.64137120970554e-07,0,1
"1243",1,0,1,0
"1244",1,0,1,0
"1245",1,0,1,0
"1246",1,0,1,0
"1247",1,0,1,0
"1248",1,0,1,0
"1249",1,7.03137465515435e-15,1,0
"1250",1,0,1,0
"1251",1,0,1,0
"1252",1,0,1,0
"1253",1,0,1,0
"1254",1,0,1,0
"1255",1,0,1,0
"1256",1,0,1,0
"1257",1,0,1,0
"1258",1,0,1,0
"1259",1,0,1,0
"1260",1,0,0,1
"1261",1,0,0,1
"1262",1,5.76349141375189e-33,1,0
"1263",1,0,0,1
"1264",1,0,1,0
"1265",1,0,1,0
"1266",1,1.13270906142551e-20,1,0
"1267",1,0,1,0
"1268",1,2.64273338444521e-29,1,0
"1269",1,0,1,0
"1270",1,3.10281250701807e-30,0,1
"1271",1,0,1,0
"1272",1,0,1,0
"1273",1,0,1,0
"1274",1,0,1,0
"1275",1,0,1,0
"1276",1,0,1,0
"1277",1,3.88691548130469e-31,1,0
"1278",1,0,1,0
"1279",1,0,0,1
"1280",1,0,1,0
"1281",1,0,1,0
"1282",1,0,0,1
"1283",1,0,1,0
"1284",1,0,1,0
"1285",1,0,1,0
"1286",1,0,1,0
"1287",1,0,1,0
"1288",1,0,1,0
"1289",1,0,1,0
"1290",1,0,1,0
"1291",1,0,1,0
"1292",1,0,1,0
"1293",1,0,1,0
"1294",1,0,1,0
"1295",1,0,1,0
"1296",1,0,1,0
"1297",1,0,1,0
"1298",1,0,1,0
"1299",1,0,1,0
"1300",1,0,1,0
"1301",1,0,1,0
"1302",1,0,1,0
"1303",1,0,1,0
"1304",1,0,0,1
"1305",1,0,1,0
"1306",1,0,1,0
"1307",1,0,0,1
"1308",1,0,1,0
"1309",1,0,1,0
"1310",1,0,1,0
"1311",1,0,1,0
"1312",1,0,1,0
"1313",1,0,1,0
"1314",1,0,1,0
"1315",1,0,1,0
"1316",1,0,1,0
"1317",1,1.45535476016911e-34,1,0
"1318",1,0,1,0
"1319",1,0,1,0
"1320",1,0,1,0
"1321",1,0,1,0
"1322",1,0,1,0
"1323",1,0,1,0
"1324",1,0,1,0
"1325",1,0,1,0
"1326",1,0,1,0
"1327",1,0,1,0
"1328",1,0,1,0
"1329",1,0,1,0
"1330",1,0,1,0
"1331",1,5.68538315976218e-25,1,0
"1332",1,0,0,1
"1333",1,0,1,0
"1334",1,0,0,1
"1335",1,0,1,0
"1336",1,0,1,0
"1337",1,0,1,0
"1338",1,0,1,0
"1339",1,0,0,1
"1340",1,0,1,0
"1341",1,0,1,0
"1342",1,0,1,0
"1343",1,0,0,1
"1344",1,0,1,0
"1345",1,0,1,0
"1346",1,0,1,0
"1347",1,0,1,0
"1348",1,0,1,0
"1349",1,0,1,0
"1350",1,0,1,0
"1351",1,1.71807957777e-21,1,0
"1352",1,0,1,0
"1353",1,0,1,0
"1354",1,0,1,0
"1355",1,0,0,1
"1356",1,0,1,0
"1357",1,0,1,0
"1358",1,0,1,0
"1359",1,0,0,1
"1360",1,0,0,1
"1361",1,0,1,0
"1362",1,0,1,0
"1363",1,0,1,0
"1364",1,0,1,0
"1365",1,0,1,0
"1366",1,0,1,0
"1367",1,0,1,0
"1368",1,0,1,0
"1369",1,0,1,0
"1370",1,0,1,0
"1371",1,0,1,0
"1372",1,0,0,1
"1373",1,0,0,1
"1374",1,0,1,0
"1375",1,0,1,0
"1376",1,0,1,0
"1377",1,0,1,0
"1378",1,0,1,0
"1379",1,0,1,0
"1380",1,8.55499126265402e-15,1,0
"1381",1,0,1,0
"1382",1,0,1,0
"1383",1,0,1,0
"1384",1,0,1,0
"1385",1,0,1,0
"1386",1,0,1,0
"1387",1,0,0,1
"1388",1,0,1,0
"1389",1,0,1,0
"1390",1,0,0,1
"1391",1,0,1,0
"1392",1,0,1,0
"1393",1,0,0,1
"1394",1,0,1,0
"1395",1,0,1,0
"1396",1,0,1,0
"1397",1,0,0,1
"1398",1,0,1,0
"1399",1,0,1,0
"1400",1,0,1,0
"1401",1,0,1,0
"1402",1,0,1,0
"1403",1,0,1,0
"1404",1,2.16905283339543e-14,1,0
"1405",1,0,1,0
"1406",1,1.25636467580858e-29,1,0
"1407",1,0,1,0
"1408",1,0,1,0
"1409",1,0,1,0
"1410",1,0,0,1
"1411",1,0,1,0
"1412",1,0,1,0
"1413",1,0,1,0
"1414",1,0,1,0
"1415",1,0,1,0
"1416",1,2.47635276824042e-17,1,0
"1417",1,0,1,0
"1418",1,0,1,0
"1419",1,0,0,1
"1420",1,2.73936741714696e-18,1,0
"1421",1,0,1,0
"1422",1,0,1,0
"1423",1,0,1,0
"1424",1,0,1,0
"1425",1,0,1,0
"1426",1,0,1,0
"1427",1,0,1,0
"1428",1,0,1,0
"1429",1,0,1,0
"1430",1,0,1,0
"1431",1,0,1,0
"1432",1,0,1,0
"1433",1,0,1,0
"1434",1,0,1,0
"1435",1,0,1,0
"1436",1,0,1,0
"1437",1,7.03529709896589e-36,1,0
"1438",1,0,1,0
"1439",1,0,0,1
"1440",1,0,1,0
"1441",1,0,1,0
"1442",1,0,0,1
"1443",1,0,1,0
"1444",1,0,0,1
"1445",1,0,1,0
"1446",1,0,1,0
"1447",1,0,1,0
"1448",1,0,1,0
"1449",1,0,1,0
"1450",1,0,1,0
"1451",1,0,1,0
"1452",1,2.80217454191278e-22,1,0
"1453",1,0,1,0
"1454",1,0,1,0
"1455",1,0,1,0
"1456",1,4.46768815519361e-13,1,0
"1457",1,0,1,0
"1458",1,0,0,1
"1459",1,0,1,0
"1460",1,0,0,1
"1461",1,0,1,0
"1462",1,0,1,0
"1463",1,0,1,0
"1464",1,0,1,0
"1465",1,0,1,0
"1466",1,0,1,0
"1467",1,0,1,0
"1468",1,0,1,0
"1469",1,0,1,0
"1470",1,0,1,0
"1471",1,0,1,0
"1472",1,0,1,0
"1473",1,0,1,0
"1474",1,0,1,0
"1475",1,0,1,0
"1476",1,0,1,0
"1477",1,0,1,0
"1478",1,0,1,0
"1479",1,0,1,0
"1480",1,0,1,0
"1481",1,0,1,0
"1482",1,0,0,1
"1483",1,0,1,0
"1484",1,0,1,0
"1485",1,0,1,0
"1486",1,0,1,0
"1487",1,0,1,0
"1488",1,0,0,1
"1489",1,0,0,1
"1490",1,0,1,0
"1491",1,0,1,0
"1492",1,0,1,0
"1493",1,0,1,0
"1494",1,6.2446065174227e-23,1,0
"1495",1,0,1,0
"1496",1,0,1,0
"1497",1,6.83750739438281e-32,1,0
"1498",1,0,1,0
"1499",1,0,0,1
"1500",1,0,1,0
"1501",1,0,1,0
"1502",1,0,1,0
"1503",1,0,1,0
"1504",1,0,1,0
"1505",1,0,1,0
"1506",1,0,1,0
"1507",1,2.96003105924682e-33,1,0
"1508",1,0,1,0
"1509",1,0,1,0
"1510",1,0,1,0
"1511",1,0,1,0
"1512",1,0,1,0
"1513",1,0,1,0
"1514",1,0,1,0
"1515",1,0,1,0
"1516",1,0,1,0
"1517",1,0,1,0
"1518",1,0,1,0
"1519",1,0,1,0
"1520",1,0,0,1
"1521",1,0,1,0
"1522",1,0,1,0
"1523",1,0,1,0
"1524",1,0,1,0
"1525",1,0,1,0
"1526",1,0,1,0
"1527",1,0,1,0
"1528",1,0,1,0
"1529",1,0,1,0
"1530",1,0,1,0
"1531",1,0,1,0
"1532",1,0,1,0
"1533",1,0,1,0
"1534",1,0,1,0
"1535",1,0,1,0
"1536",1,0,1,0
"1537",1,0,1,0
"1538",1,0,1,0
"1539",1,0,1,0
"1540",1,0,1,0
"1541",1,0,1,0
"1542",1,0,1,0
"1543",1,0,1,0
"1544",1,0,1,0
"1545",1,0,1,0
"1546",1,0,1,0
"1547",1,0,1,0
"1548",1,0,1,0
"1549",1,0,1,0
"1550",1,0,1,0
"1551",1,0,1,0
"1552",1,0,1,0
"1553",1,0,1,0
"1554",1,0,1,0
"1555",1,0,1,0
"1556",1,0,1,0
"1557",1,1.11204752759648e-19,1,0
"1558",1,0,1,0
"1559",1,3.4034511093382e-20,1,0
"1560",1,0,0,1
"1561",0.999980926513672,1.90236933121923e-05,1,0
"1562",1,0,0,1
"1563",1,0,1,0
"1564",1,0,1,0
"1565",1,0,0,1
"1566",1,0,1,0
"1567",1,0,0,1
"1568",1,0,1,0
"1569",1,0,1,0
"1570",1,0,1,0
"1571",1,0,1,0
"1572",1,0,1,0
"1573",1,0,1,0
"1574",1,0,1,0
"1575",1,0,0,1
"1576",1,0,1,0
"1577",1,0,1,0
"1578",1,0,0,1
"1579",1,0,1,0
"1580",1,0,1,0
"1581",1,0,0,1
"1582",1,0,0,1
"1583",1,3.66344680514905e-38,1,0
"1584",1,0,1,0
"1585",1,0,1,0
"1586",1,0,0,1
"1587",1,0,1,0
"1588",1,0,1,0
"1589",1,0,1,0
"1590",1,0,1,0
"1591",1,0,0,1
"1592",1,0,1,0
"1593",1,8.54952349787769e-27,1,0
"1594",1,0,1,0
"1595",1,1.21065477326615e-24,1,0
"1596",1,0,1,0
"1597",1,0,1,0
"1598",1,0,1,0
"1599",1,0,1,0
"1600",1,0,1,0
"1601",1,0,1,0
"1602",1,0,1,0
"1603",1,0,1,0
"1604",1,0,1,0
"1605",1,0,1,0
"1606",1,0,1,0
"1607",1,0,1,0
"1608",1,0,1,0
"1609",1,0,1,0
"1610",1,1.58439969179464e-14,1,0
"1611",1,0,1,0
"1612",1,0,1,0
"1613",1,0,1,0
"1614",1,0,1,0
"1615",1,1.89774618986245e-15,1,0
"1616",1,0,1,0
"1617",1,0,1,0
"1618",1,0,1,0
"1619",1,0,1,0
"1620",1,0,1,0
"1621",1,0,1,0
"1622",1,0,1,0
"1623",1,0,1,0
"1624",1,0,1,0
"1625",1,0,1,0
"1626",1,0,1,0
"1627",1,0,0,1
"1628",1,0,1,0
"1629",1,0,1,0
"1630",1,0,1,0
"1631",1,0,1,0
"1632",1,0,1,0
"1633",1,0,1,0
"1634",1,0,1,0
"1635",1,0,1,0
"1636",1,0,1,0
"1637",1,0,1,0
"1638",1,0,1,0
"1639",1,0,1,0
"1640",1,1.53022693356598e-28,1,0
"1641",1,0,1,0
"1642",1,0,1,0
"1643",1,0,1,0
"1644",1,0,1,0
"1645",1,0,1,0
"1646",1,0,1,0
"1647",1,0,1,0
"1648",1,0,1,0
"1649",1,0,1,0
"1650",1,0,1,0
"1651",1,0,1,0
"1652",1,0,1,0
"1653",1,7.29852636660588e-12,1,0
"1654",1,0,1,0
"1655",1,0,1,0
"1656",1,0,1,0
"1657",1,0,1,0
"1658",1,0,1,0
"1659",1,0,1,0
"1660",1,0,1,0
"1661",1,0,1,0
"1662",1,0,1,0
"1663",1,0,1,0
"1664",1,0,1,0
"1665",1,0,1,0
"1666",1,0,1,0
"1667",1,0,0,1
"1668",1,0,1,0
"1669",1,0,1,0
"1670",1,0,1,0
"1671",1,0,1,0
"1672",1,0,0,1
"1673",1,0,0,1
"1674",1,0,1,0
"1675",1,0,1,0
"1676",1,0,1,0
"1677",1,0,1,0
"1678",1,0,1,0
"1679",1,0,1,0
"1680",1,0,0,1
"1681",1,0,1,0
"1682",1,0,1,0
"1683",1,0,1,0
"1684",1,0,1,0
"1685",1,0,1,0
"1686",1,0,1,0
"1687",1,0,1,0
"1688",1,0,1,0
"1689",1,0,1,0
"1690",1,7.44829151311526e-29,1,0
"1691",1,0,1,0
"1692",1,0,0,1
"1693",1,0,1,0
"1694",1,0,1,0
"1695",1,2.21733575442156e-23,1,0
"1696",1,0,1,0
"1697",1,0,1,0
"1698",1,0,1,0
"1699",1,0,1,0
"1700",1,1.98832075616594e-22,1,0
"1701",1,0,1,0
"1702",1,0,1,0
"1703",1,0,0,1
"1704",1,4.09835234382281e-27,1,0
"1705",1,0,1,0
"1706",1,0,1,0
"1707",1,0,1,0
"1708",1,0,1,0
"1709",1,0,0,1
"1710",1,0,1,0
"1711",1,0,1,0
"1712",1,0,1,0
"1713",1,0,1,0
"1714",1,2.881540145383e-11,1,0
"1715",1,0,1,0
"1716",1,0,1,0
"1717",1,0,1,0
"1718",1,0,1,0
"1719",1,0,1,0
"1720",1,0,1,0
"1721",1,0,1,0
"1722",1,0,1,0
"1723",1,0,1,0
"1724",1,0,1,0
"1725",1,0,1,0
"1726",1,0,1,0
"1727",1,0,1,0
"1728",1,0,1,0
"1729",1,0,1,0
"1730",1,0,1,0
"1731",1,0,1,0
"1732",1,0,1,0
"1733",1,0,1,0
"1734",1,0,1,0
"1735",1,0,1,0
"1736",1,0,0,1
"1737",1,0,1,0
"1738",1,0,1,0
"1739",1,0,1,0
"1740",1,0,1,0
"1741",1,0,1,0
"1742",1,0,1,0
"1743",1,3.32410986249017e-16,1,0
"1744",1,0,1,0
"1745",1,0,1,0
"1746",1,3.3066036684283e-25,1,0
"1747",1,0,1,0
"1748",1,0,1,0
"1749",1,0,1,0
"1750",1,0,1,0
"1751",1,0,1,0
"1752",1,0,1,0
"1753",1,0,1,0
"1754",1,0,0,1
"1755",1,0,1,0
"1756",1,0,1,0
"1757",1,0,1,0
"1758",1,0,1,0
"1759",1,0,1,0
"1760",1,0,1,0
"1761",1,0,1,0
"1762",1,0,0,1
"1763",1,0,1,0
"1764",1,0,1,0
"1765",1,0,0,1
"1766",1,0,1,0
"1767",1,0,1,0
"1768",1,0,1,0
"1769",1,0,1,0
"1770",1,0,1,0
"1771",1,0,1,0
"1772",1,0,1,0
"1773",1,0,1,0
"1774",1,0,1,0
"1775",1,0,1,0
"1776",1,0,1,0
"1777",1,0,1,0
"1778",1,0,0,1
"1779",1,0,1,0
"1780",1,0,1,0
"1781",1,0,0,1
"1782",1,0,1,0
"1783",1,0,1,0
"1784",1,0,1,0
"1785",1,0,1,0
"1786",1,0,0,1
"1787",1,0,1,0
"1788",1,0,1,0
"1789",1,0,1,0
"1790",1,1.42231235423506e-29,1,0
"1791",1,0,1,0
"1792",1,0,1,0
"1793",1,0,0,1
"1794",1,0,1,0
"1795",1,0,0,1
"1796",1,0,1,0
"1797",1,0,1,0
"1798",1,0,0,1
"1799",1,0,1,0
"1800",1,0,1,0
"1801",1,0,1,0
"1802",1,0,1,0
"1803",1,0,1,0
"1804",1,0,1,0
"1805",1,0,1,0
"1806",1,0,1,0
"1807",1,0,1,0
"1808",1,0,1,0
"1809",1,0,1,0
"1810",1,0,1,0
"1811",1,0,1,0
"1812",1,0,1,0
"1813",1,0,1,0
"1814",1,0,1,0
"1815",1,0,1,0
"1816",1,0,1,0
"1817",1,1.91692324078141e-17,1,0
"1818",1,0,1,0
"1819",1,0,1,0
"1820",1,0,1,0
"1821",1,0,1,0
"1822",1,0,0,1
"1823",1,0,1,0
"1824",1,0,1,0
"1825",1,0,1,0
"1826",1,0,0,1
"1827",1,0,1,0
"1828",1,0,1,0
"1829",1,0,1,0
"1830",1,0,1,0
"1831",1,0,1,0
"1832",1,0,1,0
"1833",1,0,1,0
"1834",1,1.5542569683691e-31,1,0
"1835",1,0,1,0
"1836",1,0,1,0
"1837",1,0,1,0
"1838",1,0,1,0
"1839",1,0,1,0
"1840",1,0,1,0
"1841",1,0,1,0
"1842",1,0,1,0
"1843",1,0,1,0
"1844",1,0,1,0
"1845",1,0,1,0
"1846",1,0,1,0
"1847",1,0,1,0
"1848",1,0,1,0
"1849",1,0,1,0
"1850",1,0,1,0
"1851",1,0,1,0
"1852",1,0,1,0
"1853",1,0,1,0
"1854",1,0,1,0
"1855",1,0,1,0
"1856",1,0,1,0
"1857",1,0,1,0
"1858",1,0,1,0
"1859",1,0,1,0
"1860",1,0,1,0
"1861",1,0,1,0
"1862",1,0,0,1
"1863",1,0,1,0
"1864",1,0,1,0
"1865",1,0,1,0
"1866",1,0,1,0
"1867",1,0,1,0
"1868",1,0,1,0
"1869",1,0,1,0
"1870",1,0,1,0
"1871",1,0,1,0
"1872",1,0,1,0
"1873",1,0,1,0
"1874",1,0,1,0
"1875",1,0,1,0
"1876",1,0,1,0
"1877",1,0,1,0
"1878",1,0,1,0
"1879",1,0,1,0
"1880",1,0,1,0
"1881",1,0,1,0
"1882",1,0,1,0
"1883",1,0,1,0
"1884",1,0,1,0
"1885",1,0,1,0
"1886",1,0,1,0
"1887",1,0,1,0
"1888",1,0,1,0
"1889",1,0,1,0
"1890",1,0,1,0
"1891",1,0,1,0
"1892",1,0,0,1
"1893",1,0,1,0
"1894",1,0,0,1
"1895",1,4.76863344311054e-33,1,0
"1896",1,0,1,0
"1897",1,0,1,0
"1898",1,0,1,0
"1899",1,0,1,0
"1900",1,0,1,0
"1901",1,0,1,0
"1902",1,0,1,0
"1903",1,0,1,0
"1904",1,0,1,0
"1905",1,0,1,0
"1906",1,0,0,1
"1907",1,0,1,0
"1908",1,0,1,0
"1909",1,0,1,0
"1910",1,0,1,0
"1911",1,0,1,0
"1912",1,0,1,0
"1913",1,0,1,0
"1914",1,0,1,0
"1915",1,0,1,0
"1916",1,0,1,0
"1917",1,8.40438731223875e-37,1,0
"1918",1,7.80662772519507e-31,1,0
"1919",1,0,1,0
"1920",1,0,1,0
"1921",1,0,1,0
"1922",1,0,1,0
"1923",1,0,1,0
"1924",1,0,1,0
"1925",1,0,1,0
"1926",1,0,1,0
"1927",1,0,1,0
"1928",1,0,1,0
"1929",1,0,1,0
"1930",1,0,1,0
"1931",1,0,0,1
"1932",1,0,1,0
"1933",1,0,1,0
"1934",1,0,1,0
"1935",1,0,1,0
"1936",1,0,1,0
"1937",1,0,1,0
"1938",1,0,1,0
"1939",1,0,1,0
"1940",1,3.59519130907923e-17,1,0
"1941",1,0,1,0
"1942",1,0,1,0
"1943",1,0,1,0
"1944",1,0,1,0
"1945",1,0,1,0
"1946",1,5.74433808512375e-30,1,0
"1947",1,0,1,0
"1948",1,0,1,0
"1949",1,0,1,0
"1950",1,0,1,0
"1951",1,0,1,0
"1952",1,0,1,0
"1953",1,0,1,0
"1954",1,0,1,0
"1955",1,0,1,0
"1956",1,0,0,1
"1957",1,0,0,1
"1958",1,0,1,0
"1959",1,0,1,0
"1960",1,0,1,0
"1961",1,0,1,0
"1962",1,0,1,0
"1963",1,0,1,0
"1964",1,0,1,0
"1965",1,0,1,0
"1966",1,0,1,0
"1967",1,0,1,0
"1968",1,0,1,0
"1969",1,0,1,0
"1970",1,0,1,0
"1971",1,0,1,0
"1972",1,0,0,1
"1973",1,0,1,0
"1974",1,0,1,0
"1975",1,0,1,0
"1976",1,0,1,0
"1977",1,0,1,0
"1978",1,0,1,0
"1979",1,0,1,0
"1980",1,0,0,1
"1981",1,0,0,1
"1982",1,0,1,0
"1983",1,0,1,0
"1984",1,0,1,0
"1985",1,0,1,0
"1986",1,0,1,0
"1987",1,0,1,0
"1988",1,0,1,0
"1989",1,0,1,0
"1990",1,0,1,0
"1991",1,0,1,0
"1992",1,0,0,1
"1993",1,0,1,0
"1994",1,0,1,0
"1995",1,0,1,0
"1996",1,0,1,0
"1997",1,5.84299947530215e-21,1,0
"1998",1,0,1,0
"1999",1,0,1,0
"2000",1,0,1,0
"2001",1,0,1,0
"2002",1,0,1,0
"2003",1,0,1,0
"2004",1,0,1,0
"2005",1,0,1,0
"2006",1,0,1,0
"2007",1,0,1,0
"2008",1,0,1,0
"2009",1,0,1,0
"2010",1,0,0,1
"2011",1,0,1,0
"2012",1,0,0,1
"2013",1,0,1,0
"2014",1,0,1,0
"2015",1,0,1,0
"2016",1,0,1,0
"2017",1,0,1,0
"2018",1,0,1,0
"2019",1,0,1,0
"2020",1,0,1,0
"2021",1,0,1,0
"2022",1,0,0,1
"2023",1,0,1,0
"2024",1,0,1,0
"2025",1,0,1,0
"2026",1,5.89855860806895e-22,1,0
"2027",1,0,1,0
"2028",1,0,1,0
"2029",1,0,1,0
"2030",1,0,1,0
"2031",1,0,1,0
"2032",1,0,1,0
"2033",1,1.38401160042375e-21,1,0
"2034",1,0,1,0
"2035",1,0,1,0
"2036",1,0,1,0
"2037",1,9.83357686963973e-34,1,0
"2038",1,0,1,0
"2039",1,0,1,0
"2040",1,0,0,1
"2041",1,0,1,0
"2042",1,0,1,0
"2043",1,0,1,0
"2044",1,0,1,0
"2045",1,0,1,0
"2046",1,0,1,0
"2047",1,1.2568632319263e-14,1,0
"2048",1,0,1,0
"2049",1,0,1,0
"2050",1,0,1,0
"2051",1,0,1,0
"2052",1,0,1,0
"2053",1,0,1,0
"2054",1,0,1,0
"2055",1,0,1,0
"2056",1,0,1,0
"2057",1,0,1,0
"2058",1,0,1,0
"2059",1,0,1,0
"2060",1,0,1,0
"2061",1,0,1,0
"2062",1,0,1,0
"2063",1,0,0,1
"2064",1,0,1,0
"2065",1,0,1,0
"2066",1,0,1,0
"2067",1,0,1,0
"2068",1,0,1,0
"2069",1,0,0,1
"2070",1,0,1,0
"2071",1,0,1,0
"2072",1,0,0,1
"2073",1,0,0,1
"2074",1,0,1,0
"2075",1,0,1,0
"2076",1,0,1,0
"2077",1,0,1,0
"2078",1,0,1,0
"2079",1,0,1,0
"2080",1,0,1,0
"2081",1,0,1,0
"2082",1,0,1,0
"2083",1,0,1,0
"2084",1,2.44673199337545e-21,1,0
"2085",1,0,1,0
"2086",1,0,1,0
"2087",1,0,1,0
"2088",1,0,1,0
"2089",1,0,1,0
"2090",1,0,1,0
"2091",1,0,1,0
"2092",1,0,1,0
"2093",1,0,1,0
"2094",1,0,1,0
"2095",1,0,1,0
"2096",1,0,1,0
"2097",1,0,1,0
"2098",1,0,1,0
"2099",1,0,0,1
"2100",1,0,1,0
"2101",1,0,1,0
"2102",1,0,1,0
"2103",1,0,1,0
"2104",1,0,1,0
"2105",1,0,0,1
"2106",1,0,1,0
"2107",1,0,0,1
"2108",1,0,1,0
"2109",1,0,1,0
"2110",1,0,1,0
"2111",1,0,1,0
"2112",1,0,1,0
"2113",1,0,1,0
"2114",1,0,1,0
"2115",1,0,1,0
"2116",1,0,1,0
"2117",1,0,1,0
"2118",1,0,1,0
"2119",1,0,1,0
"2120",1,0,0,1
"2121",1,0,0,1
"2122",1,0,1,0
"2123",1,0,1,0
"2124",1,0,1,0
"2125",1,0,1,0
"2126",1,0,1,0
"2127",1,0,1,0
"2128",1,0,1,0
"2129",1,0,1,0
"2130",1,0,1,0
"2131",1,0,1,0
"2132",1,0,1,0
"2133",1,0,1,0
"2134",1,0,1,0
"2135",1,0,1,0
"2136",1,0,1,0
"2137",1,0,1,0
"2138",1,0,1,0
"2139",1,0,1,0
"2140",1,0,1,0
"2141",1,0,1,0
"2142",1,0,0,1
"2143",1,0,1,0
"2144",1,0,1,0
"2145",1,0,1,0
"2146",1,0,1,0
"2147",1,0,1,0
"2148",1,0,1,0
"2149",1,0,1,0
"2150",1,0,1,0
"2151",1,0,1,0
"2152",1,0,1,0
"2153",1,0,1,0
"2154",1,0,1,0
"2155",1,0,1,0
"2156",1,0,1,0
"2157",1,0,1,0
"2158",1,0,1,0
"2159",1,0,1,0
"2160",1,0,0,1
"2161",1,0,1,0
"2162",1,0,1,0
"2163",1,0,1,0
"2164",1,0,1,0
"2165",1,8.8034478885513e-24,1,0
"2166",1,0,1,0
"2167",1,0,1,0
"2168",1,0,1,0
"2169",1,0,1,0
"2170",1,0,1,0
"2171",1,0,1,0
"2172",1,0,1,0
"2173",1,0,1,0
"2174",1,0,1,0
"2175",1,0,1,0
"2176",1,0,1,0
"2177",1,0,1,0
"2178",1,0,1,0
"2179",1,0,1,0
"2180",1,0,1,0
"2181",1,0,1,0
"2182",1,0,1,0
"2183",1,0,1,0
"2184",1,0,1,0
"2185",1,0,0,1
"2186",1,0,1,0
"2187",1,0,0,1
"2188",1,0,0,1
"2189",1,0,1,0
"2190",1,0,1,0
"2191",1,0,0,1
"2192",1,0,1,0
"2193",1,0,1,0
"2194",1,0,1,0
"2195",1,0,1,0
"2196",1,0,1,0
"2197",1,0,1,0
"2198",1,0,1,0
"2199",1,2.75304694424457e-27,0,1
"2200",1,1.29892786618219e-38,0,1
"2201",1,0,1,0
"2202",1,0,1,0
"2203",1,0,1,0
"2204",1,0,1,0
"2205",1,0,0,1
"2206",1,0,1,0
"2207",1,0,1,0
"2208",1,0,1,0
"2209",1,0,1,0
"2210",1,0,1,0
"2211",1,0,1,0
"2212",1,0,1,0
"2213",1,1.60743278741408e-18,1,0
"2214",1,0,1,0
"2215",1,0,0,1
"2216",1,0,1,0
"2217",1,0,1,0
"2218",1,0,0,1
"2219",1,0,0,1
"2220",1,0,1,0
"2221",1,0,1,0
"2222",1,0,1,0
"2223",1,0,1,0
"2224",1,0,1,0
"2225",1,0,1,0
"2226",1,0,1,0
"2227",1,0,1,0
"2228",1,0,1,0
"2229",1,0,1,0
"2230",1,0,1,0
"2231",1,0,1,0
"2232",1,6.51199141607343e-16,1,0
"2233",1,0,1,0
"2234",1,0,1,0
"2235",1,0,1,0
"2236",1,8.78615840414917e-19,1,0
"2237",1,0,1,0
"2238",1,0,1,0
"2239",1,0,1,0
"2240",1,0,1,0
"2241",1,0,0,1
"2242",1,0,1,0
"2243",1,0,1,0
"2244",1,0,1,0
"2245",1,0,1,0
"2246",1,0,1,0
"2247",1,0,1,0
"2248",1,0,1,0
"2249",1,0,1,0
"2250",1,0,1,0
"2251",1,0,0,1
"2252",1,0,1,0
"2253",1,0,1,0
"2254",1,0,1,0
"2255",1,0,1,0
"2256",1,0,1,0
"2257",1,0,1,0
"2258",1,0,1,0
"2259",1,2.22581884905194e-23,1,0
"2260",1,0,0,1
"2261",1,0,0,1
"2262",1,0,0,1
"2263",1,0,1,0
"2264",1,0,0,1
"2265",1,0,1,0
"2266",1,0,1,0
"2267",1,0,1,0
"2268",1,0,1,0
"2269",1,0,1,0
"2270",1,0,1,0
"2271",1,0,0,1
"2272",1,0,1,0
"2273",1,0,0,1
"2274",1,6.96805830707238e-17,1,0
"2275",1,0,1,0
"2276",1,0,0,1
"2277",1,0,1,0
"2278",1,0,1,0
"2279",1,0,1,0
"2280",1,0,1,0
"2281",1,0,0,1
"2282",1,0,1,0
"2283",1,0,1,0
"2284",1,0,1,0
"2285",1,0,1,0
"2286",1,0,1,0
"2287",1,0,1,0
"2288",1,0,1,0
"2289",1,0,1,0
"2290",1,0,0,1
"2291",1,0,1,0
"2292",1,0,0,1
"2293",1,0,1,0
"2294",1,0,1,0
"2295",1,0,1,0
"2296",1,3.95629800549505e-38,1,0
"2297",1,0,1,0
"2298",1,0,1,0
"2299",1,0,1,0
"2300",1,0,1,0
"2301",1,0,1,0
"2302",1,0,1,0
"2303",1,0,1,0
"2304",1,0,1,0
"2305",1,0,1,0
"2306",1,0,1,0
"2307",1,0,1,0
"2308",1,0,1,0
"2309",1,0,1,0
"2310",1,0,1,0
"2311",1,0,1,0
"2312",1,0,1,0
"2313",1,0,1,0
"2314",1,0,1,0
"2315",1,0,1,0
"2316",1,0,1,0
"2317",1,0,1,0
"2318",1,0,0,1
"2319",1,0,1,0
"2320",1,0,1,0
"2321",1,0,1,0
"2322",1,0,1,0
"2323",1,0,1,0
"2324",1,0,1,0
"2325",1,0,1,0
"2326",1,0,0,1
"2327",1,0,1,0
"2328",1,0,1,0
"2329",1,0,1,0
"2330",1,0,1,0
"2331",1,0,1,0
"2332",1,0,1,0
"2333",1,0,0,1
"2334",1,0,1,0
"2335",1,0,1,0
"2336",1,0,0,1
"2337",1,0,0,1
"2338",1,0,1,0
"2339",1,0,0,1
"2340",1,0,1,0
"2341",1,0,1,0
"2342",1,0,0,1
"2343",1,0,1,0
"2344",1,0,1,0
"2345",1,0,1,0
"2346",1,0,1,0
"2347",1,1.01287540854589e-10,1,0
"2348",1,0,0,1
"2349",1,0,1,0
"2350",1,0,1,0
"2351",1,0,1,0
"2352",1,0,1,0
"2353",1,1.20313698240282e-12,1,0
"2354",1,0,1,0
"2355",1,0,1,0
"2356",1,9.81311114794594e-20,1,0
"2357",1,1.08889545097354e-36,1,0
"2358",1,0,1,0
"2359",1,0,1,0
"2360",1,0,1,0
"2361",1,0,1,0
"2362",1,0,1,0
"2363",1,0,0,1
"2364",1,0,1,0
"2365",1,0,1,0
"2366",1,0,1,0
"2367",1,0,1,0
"2368",1,0,1,0
"2369",1,0,0,1
"2370",1,0,1,0
"2371",1,0,1,0
"2372",1,0,1,0
"2373",1,0,1,0
"2374",1,0,1,0
"2375",1,0,1,0
"2376",1,0,1,0
"2377",1,4.48337061882569e-20,1,0
"2378",1,0,1,0
"2379",1,0,1,0
"2380",1,0,1,0
"2381",1,0,1,0
"2382",1,0,1,0
"2383",1,0,1,0
"2384",1,0,1,0
"2385",1,0,0,1
"2386",1,0,1,0
"2387",1,0,1,0
"2388",1,0,1,0
"2389",1,0,1,0
"2390",1,0,1,0
"2391",1,0,1,0
"2392",1,0,1,0
"2393",1,0,1,0
"2394",1,0,1,0
"2395",1,0,1,0
"2396",1,0,1,0
"2397",1,0,1,0
"2398",1,0,1,0
"2399",1,0,1,0
"2400",1,0,1,0
"2401",1,0,1,0
"2402",1,0,1,0
"2403",1,0,1,0
"2404",1,0,1,0
"2405",1,0,1,0
"2406",1,0,1,0
"2407",1,0,1,0
"2408",1,0,1,0
"2409",1,0,1,0
"2410",1,0,1,0
"2411",1,0,1,0
"2412",1,0,1,0
"2413",1,0,0,1
"2414",1,0,1,0
"2415",1,0,1,0
"2416",1,0,1,0
"2417",1,0,1,0
"2418",1,0,1,0
"2419",1,0,1,0
"2420",1,0,1,0
"2421",1,0,1,0
"2422",1,0,1,0
"2423",1,0,1,0
"2424",1,0,1,0
"2425",1,0,1,0
"2426",1,0,0,1
"2427",1,0,1,0
"2428",1,0,1,0
"2429",1,0,1,0
"2430",1,0,1,0
"2431",1,0,1,0
"2432",1,0,0,1
"2433",1,0,1,0
"2434",1,0,1,0
"2435",1,0,1,0
"2436",1,0,1,0
"2437",1,0,1,0
"2438",1,0,1,0
"2439",1,1.55218395831612e-15,1,0
"2440",1,0,1,0
"2441",1,3.04998354898929e-28,1,0
"2442",1,0,1,0
"2443",1,0,1,0
"2444",1,0,1,0
"2445",1,0,1,0
"2446",1,0,1,0
"2447",1,0,1,0
"2448",1,0,0,1
"2449",1,0,0,1
"2450",1,0,1,0
"2451",1,0,0,1
"2452",1,0,1,0
"2453",1,0,1,0
"2454",1,0,1,0
"2455",1,5.58434625852564e-14,1,0
"2456",1,0,1,0
"2457",1,0,1,0
"2458",1,0,1,0
"2459",1,0,1,0
"2460",1,0,1,0
"2461",1,0,0,1
"2462",1,0,1,0
"2463",1,0,1,0
"2464",1,0,1,0
"2465",1,0,1,0
"2466",1,0,1,0
"2467",1,0,1,0
"2468",1,0,1,0
"2469",1,0,1,0
"2470",1,0,1,0
"2471",1,0,1,0
"2472",1,0,1,0
"2473",1,8.44559802478752e-35,1,0
"2474",1,0,1,0
"2475",1,0,1,0
"2476",1,0,1,0
"2477",1,0,1,0
"2478",1,0,1,0
"2479",1,0,1,0
"2480",0.999995350837708,4.63545029560919e-06,1,0
"2481",1,0,1,0
"2482",1,0,1,0
"2483",1,0,1,0
"2484",1,0,1,0
"2485",1,0,1,0
"2486",1,0,1,0
"2487",1,0,1,0
"2488",1,0,1,0
"2489",1,0,1,0
"2490",1,0,1,0
"2491",1,0,1,0
"2492",1,0,1,0
"2493",1,0,1,0
"2494",1,0,1,0
"2495",1,2.21756920178272e-26,1,0
"2496",1,0,1,0
"2497",1,0,1,0
"2498",1,0,1,0
"2499",1,0,1,0
"2500",1,0,1,0
"2501",1,0,1,0
"2502",1,0,1,0
"2503",1,0,1,0
"2504",1,4.53902113323976e-21,1,0
"2505",1,0,1,0
"2506",1,0,1,0
"2507",1,0,1,0
"2508",1,0,1,0
"2509",1,0,1,0
"2510",1,0,1,0
"2511",1,0,1,0
"2512",1,0,1,0
"2513",1,0,0,1
"2514",1,0,1,0
"2515",1,0,1,0
"2516",1,0,1,0
"2517",1,0,1,0
"2518",1,0,1,0
"2519",1,0,1,0
"2520",1,0,1,0
"2521",1,0,1,0
"2522",1,0,1,0
"2523",1,0,1,0
"2524",1,0,1,0
"2525",1,0,1,0
"2526",1,0,1,0
"2527",1,0,1,0
"2528",1,0,0,1
"2529",1,0,1,0
"2530",1,0,1,0
"2531",1,0,1,0
"2532",1,0,1,0
"2533",1,2.19065494561226e-34,1,0
"2534",1,0,1,0
"2535",1,4.81306965504777e-37,1,0
"2536",1,0,1,0
"2537",1,0,0,1
"2538",1,0,0,1
"2539",1,0,1,0
"2540",1,0,1,0
"2541",1,0,0,1
"2542",1,0,1,0
"2543",1,0,1,0
"2544",1,0,1,0
"2545",1,0,1,0
"2546",1,0,1,0
"2547",1,0,1,0
"2548",1,0,1,0
"2549",1,0,1,0
"2550",1,0,1,0
"2551",1,0,1,0
"2552",1,0,1,0
"2553",1,0,1,0
"2554",1,0,1,0
"2555",1,0,1,0
"2556",1,0,1,0
"2557",1,0,0,1
"2558",1,0,0,1
"2559",1,0,1,0
"2560",1,0,0,1
"2561",1,0,1,0
"2562",1,0,1,0
"2563",1,0,1,0
"2564",1,0,1,0
"2565",1,0,1,0
"2566",1,0,1,0
"2567",1,0,1,0
"2568",1,0,1,0
"2569",1,0,1,0
"2570",1,0,1,0
"2571",1,0,1,0
"2572",1,0,0,1
"2573",1,0,1,0
"2574",1,0,1,0
"2575",1,0,1,0
"2576",1,0,0,1
"2577",1,0,1,0
"2578",1,0,1,0
"2579",1,0,1,0
"2580",1,0,1,0
"2581",1,0,0,1
"2582",1,0,1,0
"2583",1,0,1,0
"2584",1,0,1,0
"2585",1,0,1,0
"2586",1,0,1,0
"2587",1,0,1,0
"2588",1,0,1,0
"2589",1,0,1,0
"2590",1,0,1,0
"2591",1,0,1,0
"2592",1,0,1,0
"2593",1,0,1,0
"2594",1,0,1,0
"2595",1,0,1,0
"2596",1,0,1,0
"2597",1,1.62097962770344e-18,1,0
"2598",1,0,1,0
"2599",1,0,0,1
"2600",1,0,1,0
"2601",1,0,1,0
"2602",1,0,1,0
"2603",1,0,1,0
"2604",1,0,0,1
"2605",1,0,1,0
"2606",1,0,1,0
"2607",1,0,1,0
"2608",1,0,1,0
"2609",1,0,1,0
"2610",1,0,1,0
"2611",1,0,1,0
"2612",1,0,0,1
"2613",1,0,1,0
"2614",1,0,1,0
"2615",1,0,1,0
"2616",1,0,1,0
"2617",1,0,1,0
"2618",1,0,0,1
"2619",1,0,1,0
"2620",1,0,1,0
"2621",1,0,1,0
"2622",1,7.44793983431524e-13,1,0
"2623",1,0,1,0
"2624",1,0,1,0
"2625",1,0,1,0
"2626",1,0,1,0
"2627",1,0,1,0
"2628",1,0,1,0
"2629",1,0,1,0
"2630",1,0,1,0
"2631",1,0,1,0
"2632",1,0,1,0
"2633",1,0,1,0
"2634",1,0,1,0
"2635",1,0,1,0
"2636",1,0,1,0
"2637",1,0,1,0
"2638",1,0,1,0
"2639",1,0,1,0
"2640",1,0,0,1
"2641",1,0,0,1
"2642",1,0,1,0
"2643",1,0,0,1
"2644",1,0,1,0
"2645",1,0,1,0
"2646",1,0,1,0
"2647",1,0,1,0
"2648",1,0,1,0
"2649",1,0,1,0
"2650",1,0,1,0
"2651",1,0,1,0
"2652",1,0,1,0
"2653",1,0,1,0
"2654",1,1.52481832769609e-37,1,0
"2655",1,0,1,0
"2656",1,0,1,0
"2657",1,0,1,0
"2658",1,0,1,0
"2659",1,0,1,0
"2660",1,0,1,0
"2661",1,0,1,0
"2662",1,0,1,0
"2663",1,0,1,0
"2664",1,0,1,0
"2665",1,0,1,0
"2666",1,0,1,0
"2667",1,0,1,0
"2668",1,0,1,0
"2669",1,0,1,0
"2670",1,0,0,1
"2671",1,0,1,0
"2672",1,0,1,0
"2673",1,0,1,0
"2674",1,0,1,0
"2675",1,0,1,0
"2676",1,0,1,0
"2677",1,0,1,0
"2678",1,0,1,0
"2679",1,0,1,0
"2680",1,0,1,0
"2681",1,0,1,0
"2682",1,0,1,0
"2683",1,0,1,0
"2684",1,0,1,0
"2685",1,0,1,0
"2686",1,0,1,0
"2687",1,0,1,0
"2688",1,0,1,0
"2689",1,0,1,0
"2690",1,3.54155440533009e-35,1,0
"2691",1,0,1,0
"2692",1,0,1,0
"2693",1,0,1,0
"2694",1,0,1,0
"2695",1,0,1,0
"2696",1,0,1,0
"2697",1,0,1,0
"2698",1,0,1,0
"2699",1,0,1,0
"2700",1,0,1,0
"2701",1,0,1,0
"2702",1,0,1,0
"2703",1,0,1,0
"2704",1,0,1,0
"2705",1,0,1,0
"2706",1,0,1,0
"2707",1,0,1,0
"2708",1,0,1,0
"2709",1,0,0,1
"2710",1,0,0,1
"2711",1,0,1,0
"2712",1,0,1,0
"2713",1,0,0,1
"2714",1,0,0,1
"2715",1,2.78634706808337e-36,1,0
"2716",1,0,1,0
"2717",1,0,1,0
"2718",1,0,1,0
"2719",1,0,1,0
"2720",1,0,1,0
"2721",1,0,1,0
"2722",1,0,1,0
"2723",1,0,1,0
"2724",1,0,1,0
"2725",1,0,1,0
"2726",1,0,1,0
"2727",1,0,1,0
"2728",1,0,0,1
"2729",1,0,1,0
"2730",1,0,1,0
"2731",1,0,1,0
"2732",1,0,1,0
"2733",1,2.34456738037609e-29,1,0
"2734",1,0,1,0
"2735",1,0,1,0
"2736",1,0,1,0
"2737",1,0,1,0
"2738",1,2.06644358112589e-17,1,0
"2739",1,0,1,0
"2740",1,0,1,0
"2741",1,0,1,0
"2742",1,0,1,0
"2743",1,0,1,0
"2744",1,0,1,0
"2745",1,0,1,0
"2746",1,7.28204948456461e-23,1,0
"2747",1,0,1,0
"2748",1,8.05306667704675e-13,1,0
"2749",1,0,1,0
"2750",1,0,1,0
"2751",1,0,1,0
"2752",1,0,1,0
"2753",1,0,1,0
"2754",1,0,1,0
"2755",1,6.69191671477318e-14,1,0
"2756",1,0,1,0
"2757",1,0,1,0
"2758",1,0,1,0
"2759",1,0,0,1
"2760",1,0,1,0
"2761",1,0,1,0
"2762",1,0,1,0
"2763",1,0,1,0
"2764",1,0,1,0
"2765",1,0,1,0
"2766",1,0,1,0
"2767",1,0,1,0
"2768",1,0,0,1
"2769",1,0,1,0
"2770",1,0,1,0
"2771",1,0,1,0
"2772",1,0,1,0
"2773",1,0,1,0
"2774",1,0,1,0
"2775",1,0,1,0
"2776",1,0,1,0
"2777",1,0,1,0
"2778",1,1.05155454484812e-16,1,0
"2779",1,0,1,0
"2780",1,0,1,0
"2781",1,0,1,0
"2782",1,0,1,0
"2783",1,0,1,0
"2784",1,0,1,0
"2785",1,8.45842582654048e-21,1,0
"2786",1,0,1,0
"2787",1,0,1,0
"2788",1,0,1,0
"2789",1,0,1,0
"2790",1,0,1,0
"2791",1,0,1,0
"2792",1,0,1,0
"2793",1,0,1,0
"2794",1,0,1,0
"2795",1,0,1,0
"2796",1,0,1,0
"2797",1,0,1,0
"2798",1,0,1,0
"2799",1,0,0,1
"2800",1,0,1,0
"2801",1,0,1,0
"2802",1,0,1,0
"2803",1,0,1,0
"2804",1,0,1,0
"2805",1,0,1,0
"2806",1,0,1,0
"2807",1,0,1,0
"2808",1,0,0,1
"2809",1,0,1,0
"2810",1,0,1,0
"2811",1,0,1,0
"2812",1,0,1,0
"2813",1,0,1,0
"2814",1,0,0,1
"2815",1,0,1,0
"2816",1,0,1,0
"2817",1,0,1,0
"2818",1,0,1,0
"2819",1,0,1,0
"2820",1,0,1,0
"2821",1,0,1,0
"2822",1,0,1,0
"2823",1,0,1,0
"2824",1,0,0,1
"2825",1,0,1,0
"2826",1,0,1,0
"2827",1,0,1,0
"2828",1,0,0,1
"2829",1,6.47508091589089e-09,1,0
"2830",1,0,1,0
"2831",1,0,1,0
"2832",1,0,1,0
"2833",1,0,0,1
"2834",1,0,0,1
"2835",1,0,1,0
"2836",1,0,1,0
"2837",1,0,1,0
"2838",1,0,1,0
"2839",1,0,1,0
"2840",1,0,1,0
"2841",1,0,1,0
"2842",1,0,1,0
"2843",1,0,1,0
"2844",1,0,1,0
"2845",1,0,1,0
"2846",1,0,1,0
"2847",1,0,0,1
"2848",1,0,1,0
"2849",1,0,1,0
"2850",1,0,1,0
"2851",1,0,1,0
"2852",1,0,1,0
"2853",1,0,1,0
"2854",1,0,1,0
"2855",1,0,1,0
"2856",1,0,1,0
"2857",1,0,1,0
"2858",1,0,1,0
"2859",1,0,1,0
"2860",1,0,1,0
"2861",1,0,1,0
"2862",1,0,1,0
"2863",1,0,1,0
"2864",1,0,1,0
"2865",1,0,1,0
"2866",1,0,1,0
"2867",1,0,1,0
"2868",1,0,1,0
"2869",1,0,1,0
"2870",1,0,1,0
"2871",1,0,1,0
"2872",1,0,1,0
"2873",1,0,1,0
"2874",1,0,0,1
"2875",1,2.98009620734913e-18,1,0
"2876",1,0,1,0
"2877",1,0,1,0
"2878",1,0,1,0
"2879",1,0,1,0
"2880",1,0,1,0
"2881",1,0,1,0
"2882",1,0,1,0
"2883",1,0,0,1
"2884",1,0,1,0
"2885",1,0,0,1
"2886",1,0,1,0
"2887",1,0,1,0
"2888",1,0,1,0
"2889",1,0,1,0
"2890",1,0,1,0
"2891",1,0,0,1
"2892",1,0,1,0
"2893",1,2.34206487429135e-36,1,0
"2894",1,0,0,1
"2895",1,0,1,0
"2896",1,0,1,0
"2897",1,0,1,0
"2898",1,0,1,0
"2899",1,0,1,0
"2900",1,0,1,0
"2901",1,0,1,0
"2902",1,0,1,0
"2903",1,0,1,0
"2904",1,0,1,0
"2905",1,0,1,0
"2906",1,0,1,0
"2907",1,0,1,0
"2908",1,0,1,0
"2909",1,0,1,0
"2910",1,0,1,0
"2911",1,0,1,0
"2912",1,0,0,1
"2913",1,0,0,1
"2914",1,0,1,0
"2915",1,0,1,0
"2916",1,0,1,0
"2917",1,0,1,0
"2918",1,0,1,0
"2919",1,0,1,0
"2920",1,0,1,0
"2921",1,0,1,0
"2922",1,0,1,0
"2923",1,0,1,0
"2924",1,1.14356945024047e-24,0,1
"2925",1,0,1,0
"2926",1,0,1,0
"2927",1,0,1,0
"2928",1,0,1,0
"2929",1,0,1,0
"2930",1,0,0,1
"2931",1,0,1,0
"2932",1,0,1,0
"2933",1,0,1,0
"2934",1,0,1,0
"2935",1,0,1,0
"2936",1,0,1,0
"2937",1,0,1,0
"2938",1,0,0,1
"2939",1,0,1,0
"2940",1,0,1,0
"2941",1,0,1,0
"2942",1,0,1,0
"2943",1,0,1,0
"2944",1,0,1,0
"2945",1,0,1,0
"2946",1,0,1,0
"2947",1,0,1,0
"2948",1,0,1,0
"2949",1,0,1,0
"2950",1,0,1,0
"2951",1,0,1,0
"2952",1,0,1,0
"2953",1,0,1,0
"2954",1,0,1,0
"2955",1,0,1,0
"2956",1,2.47292374084583e-34,1,0
"2957",1,0,1,0
"2958",1,0,1,0
"2959",1,0,1,0
"2960",1,0,0,1
"2961",1,0,1,0
"2962",1,0,1,0
"2963",1,0,1,0
"2964",1,0,1,0
"2965",1,0,1,0
"2966",1,0,1,0
"2967",1,0,1,0
"2968",1,0,1,0
"2969",1,0,1,0
"2970",1,0,1,0
"2971",1,0,1,0
"2972",1,0,0,1
"2973",1,0,1,0
"2974",1,0,1,0
"2975",1,0,1,0
"2976",1,0,1,0
"2977",1,0,1,0
"2978",1,0,1,0
"2979",1,0,1,0
"2980",1,0,1,0
"2981",1,0,1,0
"2982",1,0,1,0
"2983",1,0,1,0
"2984",1,0,1,0
"2985",1,0,1,0
"2986",1,0,1,0
"2987",1,0,1,0
"2988",1,0,1,0
"2989",1,0,1,0
"2990",1,0,1,0
"2991",1,3.69267435984273e-37,1,0
"2992",1,5.28727006431018e-38,1,0
"2993",1,0,1,0
"2994",1,0,1,0
"2995",1,0,1,0
"2996",1,0,1,0
"2997",1,0,0,1
"2998",1,0,1,0
"2999",1,0,1,0
"3000",1,0,1,0
"3001",1,0,1,0
"3002",1,0,0,1
"3003",1,0,1,0
"3004",1,0,1,0
"3005",1,0,1,0
"3006",1,0,1,0
"3007",1,0,1,0
"3008",1,0,1,0
"3009",1,0,1,0
"3010",1,2.22128641512183e-18,1,0
"3011",1,0,1,0
"3012",1,0,1,0
"3013",1,0,1,0
"3014",1,0,1,0
"3015",1,0,1,0
"3016",1,0,1,0
"3017",1,0,0,1
"3018",1,7.29711948977324e-16,1,0
"3019",1,0,1,0
"3020",1,0,1,0
"3021",1,0,0,1
"3022",1,0,1,0
"3023",1,0,1,0
"3024",1,0,1,0
"3025",1,1.95945256062862e-29,1,0
"3026",1,0,1,0
"3027",1,0,1,0
"3028",1,0,1,0
"3029",1,0,1,0
"3030",1,0,1,0
"3031",1,0,1,0
"3032",1,0,1,0
"3033",1,0,1,0
"3034",1,0,1,0
"3035",1,2.485083527774e-20,1,0
"3036",1,0,1,0
"3037",1,0,1,0
"3038",1,0,1,0
"3039",1,0,1,0
"3040",1,0,1,0
"3041",1,9.25364011215899e-31,1,0
"3042",1,0,1,0
"3043",1,0,1,0
"3044",1,0,1,0
"3045",1,0,1,0
"3046",1,0,1,0
"3047",1,0,1,0
"3048",1,0,0,1
"3049",1,0,1,0
"3050",1,0,1,0
"3051",1,0,1,0
"3052",1,0,1,0
"3053",1,0,1,0
"3054",1,0,1,0
"3055",1,0,1,0
"3056",1,0,1,0
"3057",1,5.93374251945262e-37,1,0
"3058",1,0,1,0
"3059",1,0,1,0
"3060",1,0,1,0
"3061",1,0,1,0
"3062",1,0,1,0
"3063",1,0,1,0
"3064",1,0,1,0
"3065",1,5.68817129791268e-21,1,0
"3066",1,0,1,0
"3067",1,0,0,1
"3068",1,0,0,1
"3069",1,0,1,0
"3070",1,0,1,0
"3071",1,0,1,0
"3072",1,0,1,0
"3073",1,0,1,0
"3074",1,0,1,0
"3075",1,0,1,0
"3076",1,0,1,0
"3077",1,0,1,0
"3078",1,0,1,0
"3079",1,0,1,0
"3080",1,0,1,0
"3081",1,0,1,0
"3082",1,0,1,0
"3083",1,0,1,0
"3084",1,0,1,0
"3085",1,1.54049705934287e-13,1,0
"3086",1,0,1,0
"3087",1,0,1,0
"3088",1,0,1,0
"3089",1,0,1,0
"3090",1,0,1,0
"3091",1,0,1,0
"3092",1,0,1,0
"3093",1,0,1,0
"3094",1,0,0,1
"3095",1,0,1,0
"3096",1,0,1,0
"3097",1,0,1,0
"3098",1,0,1,0
"3099",1,0,1,0
"3100",1,4.82921604723525e-15,1,0
"3101",1,0,1,0
"3102",1,0,1,0
"3103",1,0,1,0
"3104",1,0,1,0
"3105",1,0,1,0
"3106",1,4.13811032673834e-36,1,0
"3107",1,0,1,0
"3108",1,0,0,1
"3109",1,0,1,0
"3110",1,0,1,0
"3111",1,0,1,0
"3112",1,0,1,0
"3113",1,0,1,0
"3114",1,0,1,0
"3115",1,0,1,0
"3116",1,0,1,0
"3117",1,0,1,0
"3118",1,0,1,0
"3119",1,7.62315433347946e-35,1,0
"3120",1,0,1,0
"3121",1,0,1,0
"3122",1,0,1,0
"3123",1,0,1,0
"3124",1,0,1,0
"3125",1,0,1,0
"3126",1,0,1,0
"3127",1,6.62696800866267e-38,1,0
"3128",1,0,1,0
"3129",1,0,1,0
"3130",1,0,1,0
"3131",1,0,1,0
"3132",1,0,0,1
"3133",1,0,1,0
"3134",1,0,1,0
"3135",1,0,1,0
"3136",1,0,1,0
"3137",1,0,1,0
"3138",1,0,1,0
"3139",1,0,1,0
"3140",1,0,1,0
"3141",1,0,0,1
"3142",1,0,1,0
"3143",1,0,1,0
"3144",1,0,1,0
"3145",1,0,1,0
"3146",1,0,1,0
"3147",1,0,1,0
"3148",1,0,1,0
"3149",1,4.74429339435943e-29,1,0
"3150",1,0,1,0
"3151",1,3.76899320543295e-17,0,1
"3152",1,0,1,0
"3153",1,1.19086998845918e-27,1,0
"3154",1,0,1,0
"3155",1,0,0,1
"3156",1,0,1,0
"3157",1,0,1,0
"3158",1,0,1,0
"3159",1,0,1,0
"3160",1,0,1,0
"3161",1,0,1,0
"3162",1,0,1,0
"3163",1,0,1,0
"3164",1,0,1,0
"3165",1,0,1,0
"3166",1,0,1,0
"3167",1,0,1,0
"3168",1,0,1,0
"3169",1,0,1,0
"3170",1,0,1,0
"3171",1,0,1,0
"3172",1,0,0,1
"3173",1,0,0,1
"3174",1,0,1,0
"3175",1,0,1,0
"3176",1,0,1,0
"3177",1,0,1,0
"3178",1,0,1,0
"3179",1,0,1,0
"3180",1,0,1,0
"3181",1,0,1,0
"3182",1,0,1,0
"3183",1,0,1,0
"3184",1,0,1,0
"3185",1,0,1,0
"3186",1,0,1,0
"3187",1,0,1,0
"3188",1,0,1,0
"3189",1,0,1,0
"3190",1,0,1,0
"3191",1,0,1,0
"3192",1,0,1,0
"3193",1,0,1,0
"3194",1,2.55993820333122e-23,1,0
"3195",1,0,1,0
"3196",1,0,1,0
"3197",1,0,1,0
"3198",1,2.14402119125781e-24,1,0
"3199",1,0,1,0
"3200",1,0,0,1
"3201",1,0,1,0
"3202",1,0,0,1
"3203",1,0,1,0
"3204",1,0,1,0
"3205",1,0,1,0
"3206",1,0,1,0
"3207",1,0,1,0
"3208",1,0,0,1
"3209",1,0,1,0
"3210",1,0,1,0
"3211",1,0,1,0
"3212",1,0,1,0
"3213",1,0,1,0
"3214",1,0,1,0
"3215",1,0,1,0
"3216",1,0,1,0
"3217",1,0,1,0
"3218",1,0,1,0
"3219",1,0,1,0
"3220",1,0,0,1
"3221",1,0,1,0
"3222",1,0,1,0
"3223",1,0,1,0
"3224",1,0,1,0
"3225",1,0,1,0
"3226",1,0,1,0
"3227",1,0,1,0
"3228",1,0,1,0
"3229",1,0,1,0
"3230",1,0,1,0
"3231",1,0,1,0
"3232",1,0,1,0
"3233",1,0,1,0
"3234",1,0,1,0
"3235",1,0,0,1
"3236",1,0,1,0
"3237",1,0,1,0
"3238",1,0,1,0
"3239",1,0,1,0
"3240",1,0,1,0
"3241",1,0,1,0
"3242",1,3.03775746858535e-20,1,0
"3243",1,0,1,0
"3244",1,0,1,0
"3245",1,6.46522985002685e-25,1,0
"3246",1,0,1,0
"3247",1,0,1,0
"3248",1,0,0,1
"3249",1,0,1,0
"3250",1,0,0,1
"3251",1,0,1,0
"3252",1,0,1,0
"3253",1,0,1,0
"3254",1,0,1,0
"3255",1,0,1,0
"3256",1,0,1,0
"3257",1,0,1,0
"3258",1,0,1,0
"3259",1,0,0,1
"3260",1,0,0,1
"3261",1,0,1,0
"3262",1,0,1,0
"3263",1,0,1,0
"3264",1,0,1,0
"3265",1,0,1,0
"3266",1,0,0,1
"3267",1,0,0,1
"3268",1,0,0,1
"3269",1,0,1,0
"3270",1,0,1,0
"3271",1,0,1,0
"3272",1,0,1,0
"3273",1,0,0,1
"3274",1,0,1,0
"3275",1,0,1,0
"3276",1,0,1,0
"3277",1,0,1,0
"3278",1,0,1,0
"3279",1,0,1,0
"3280",1,0,1,0
"3281",1,0,1,0
"3282",1,0,1,0
"3283",1,0,1,0
"3284",1,0,1,0
"3285",1,0,1,0
"3286",1,0,1,0
"3287",1,0,1,0
"3288",1,0,1,0
"3289",1,0,0,1
"3290",1,0,1,0
"3291",1,0,1,0
"3292",1,3.66275436827904e-27,1,0
"3293",1,0,1,0
"3294",1,0,1,0
"3295",1,0,1,0
"3296",1,0,1,0
"3297",1,0,1,0
"3298",1,0,1,0
"3299",1,0,1,0
"3300",1,0,1,0
"3301",1,0,1,0
"3302",1,0,1,0
"3303",1,3.81310773442687e-36,1,0
"3304",1,5.7738324538148e-11,1,0
"3305",1,0,1,0
"3306",1,0,1,0
"3307",1,0,1,0
"3308",1,0,1,0
"3309",1,1.83087279695378e-24,1,0
"3310",1,0,1,0
"3311",1,0,1,0
"3312",1,0,1,0
"3313",1,1.24139102767849e-37,1,0
"3314",1,0,1,0
"3315",1,0,1,0
"3316",1,0,1,0
"3317",1,0,1,0
"3318",1,0,1,0
"3319",1,0,1,0
"3320",1,0,1,0
"3321",1,0,1,0
"3322",1,0,1,0
"3323",1,0,1,0
"3324",1,0,1,0
"3325",1,0,1,0
"3326",1,1.27195102323993e-13,1,0
"3327",1,0,1,0
"3328",1,0,1,0
"3329",1,0,1,0
"3330",1,0,1,0
"3331",1,0,1,0
"3332",1,0,0,1
"3333",1,0,1,0
"3334",1,0,1,0
"3335",1,0,1,0
"3336",1,0,1,0
"3337",1,0,1,0
"3338",1,0,1,0
"3339",1,0,1,0
"3340",1,0,1,0
"3341",1,0,1,0
"3342",1,0,1,0
"3343",1,0,1,0
"3344",1,0,1,0
"3345",1,0,1,0
"3346",1,0,0,1
"3347",1,2.21357027788339e-27,0,1
"3348",1,0,1,0
"3349",1,0,1,0
"3350",1,0,1,0
"3351",1,0,0,1
"3352",1,2.15425525875197e-29,0,1
"3353",1,0,1,0
"3354",1,0,1,0
"3355",1,0,1,0
"3356",1,0,1,0
"3357",1,1.21022962114191e-32,1,0
"3358",1,0,1,0
"3359",1,0,1,0
"3360",1,0,1,0
"3361",1,0,1,0
"3362",1,0,1,0
"3363",1,0,1,0
"3364",1,0,1,0
"3365",1,0,1,0
"3366",1,0,1,0
"3367",1,0,1,0
"3368",1,0,1,0
"3369",1,0,1,0
"3370",1,0,1,0
"3371",1,0,1,0
"3372",1,0,1,0
"3373",1,0,1,0
"3374",1,0,1,0
"3375",1,0,1,0
"3376",1,2.49725244594608e-16,1,0
"3377",1,0,1,0
"3378",1,0,1,0
"3379",1,0,0,1
"3380",1,3.93686996569993e-19,1,0
"3381",1,0,1,0
"3382",1,0,1,0
"3383",1,0,1,0
"3384",1,0,1,0
"3385",1,0,1,0
"3386",1,0,1,0
"3387",1,0,1,0
"3388",1,0,1,0
"3389",1,0,1,0
"3390",1,0,1,0
"3391",1,0,1,0
"3392",1,0,0,1
"3393",1,0,1,0
"3394",1,0,1,0
"3395",1,0,1,0
"3396",0.989881694316864,0.0101183308288455,1,0
"3397",1,0,1,0
"3398",1,0,1,0
"3399",1,0,1,0
"3400",1,6.04167408041941e-34,1,0
"3401",1,0,1,0
"3402",1,0,1,0
"3403",1,0,1,0
"3404",1,0,1,0
"3405",1,0,1,0
"3406",1,0,1,0
"3407",1,0,1,0
"3408",1,0,1,0
"3409",1,0,1,0
"3410",1,0,1,0
"3411",1,0,1,0
"3412",1,0,1,0
"3413",1,0,1,0
"3414",1,0,1,0
"3415",1,0,1,0
"3416",1,0,1,0
"3417",0.994114100933075,0.00588588230311871,1,0
"3418",1,0,1,0
"3419",1,0,1,0
"3420",1,0,1,0
"3421",1,0,1,0
"3422",1,0,1,0
"3423",1,0,1,0
"3424",1,0,1,0
"3425",1,0,0,1
"3426",1,0,1,0
"3427",1,0,1,0
"3428",1,0,0,1
"3429",1,0,1,0
"3430",1,0,1,0
"3431",1,0,1,0
"3432",1,0,1,0
"3433",1,0,1,0
"3434",1,0,1,0
"3435",1,0,1,0
"3436",1,0,1,0
"3437",1,0,1,0
"3438",1,0,1,0
"3439",1,0,1,0
"3440",1,0,1,0
"3441",1,0,1,0
"3442",1,0,1,0
"3443",1,0,1,0
"3444",1,0,1,0
"3445",1,0,1,0
"3446",1,0,1,0
"3447",1,0,1,0
"3448",1,0,1,0
"3449",1,0,1,0
"3450",1,0,0,1
"3451",1,3.66012054044281e-24,1,0
"3452",1,0,1,0
"3453",1,0,0,1
"3454",1,0,1,0
"3455",1,0,1,0
"3456",1,0,1,0
"3457",1,0,1,0
"3458",1,1.09114416759146e-30,1,0
"3459",1,0,0,1
"3460",1,0,1,0
"3461",1,0,1,0
"3462",1,0,1,0
"3463",1,0,1,0
"3464",1,0,1,0
"3465",1,0,1,0
"3466",1,0,1,0
"3467",1,0,1,0
"3468",1,0,1,0
"3469",1,0,1,0
"3470",1,2.56222552130313e-22,1,0
"3471",1,0,1,0
"3472",1,0,0,1
"3473",1,0,1,0
"3474",1,0,1,0
"3475",1,0,1,0
"3476",1,0,1,0
"3477",1,0,1,0
"3478",1,2.09839563009009e-22,1,0
"3479",1,0,1,0
"3480",1,0,1,0
"3481",1,0,1,0
"3482",1,1.43564456994511e-38,0,1
"3483",1,0,1,0
"3484",1,0,1,0
"3485",1,0,1,0
"3486",1,0,1,0
"3487",1,0,1,0
"3488",1,0,1,0
"3489",1,0,1,0
"3490",1,6.73995361849846e-25,1,0
"3491",1,0,1,0
"3492",1,0,1,0
"3493",1,0,1,0
"3494",1,0,1,0
"3495",1,0,0,1
"3496",1,0,1,0
"3497",1,0,1,0
"3498",1,2.52209204074402e-19,1,0
"3499",1,0,0,1
"3500",1,0,1,0
"3501",1,0,1,0
"3502",1,0,1,0
"3503",1,0,1,0
"3504",1,0,1,0
"3505",1,0,1,0
"3506",1,0,1,0
"3507",1,0,1,0
"3508",1,1.63727053545019e-15,1,0
"3509",1,0,1,0
"3510",1,3.01628131083405e-34,1,0
"3511",1,0,1,0
"3512",1,4.11514931752356e-33,1,0
"3513",1,0,1,0
"3514",1,0,1,0
"3515",1,0,1,0
"3516",1,0,1,0
"3517",1,0,1,0
"3518",1,5.70159422333464e-37,1,0
"3519",1,0,1,0
"3520",1,0,1,0
"3521",1,0,1,0
"3522",1,0,1,0
"3523",1,0,1,0
"3524",1,0,1,0
"3525",1,0,1,0
"3526",1,0,0,1
"3527",1,0,1,0
"3528",1,0,0,1
"3529",1,0,1,0
"3530",1,0,1,0
"3531",1,0,1,0
"3532",1,0,1,0
"3533",1,0,1,0
"3534",1,0,1,0
"3535",1,0,0,1
"3536",1,0,1,0
"3537",1,0,1,0
"3538",1,0,1,0
"3539",1,0,1,0
"3540",1,0,1,0
"3541",1,0,1,0
"3542",1,0,1,0
"3543",1,0,1,0
"3544",1,0,0,1
"3545",1,0,0,1
"3546",1,0,1,0
"3547",1,0,1,0
"3548",1,0,1,0
"3549",1,0,1,0
"3550",1,0,1,0
"3551",1,0,1,0
"3552",1,0,1,0
"3553",1,0,1,0
"3554",1,0,1,0
"3555",1,0,1,0
"3556",1,0,1,0
"3557",1,0,1,0
"3558",1,0,1,0
"3559",1,0,1,0
"3560",1,0,1,0
"3561",1,0,1,0
"3562",1,0,1,0
"3563",1,0,1,0
"3564",1,0,1,0
"3565",1,0,1,0
"3566",1,0,1,0
"3567",1,0,1,0
"3568",1,0,1,0
"3569",1,0,1,0
"3570",1,0,1,0
"3571",1,0,1,0
"3572",1,0,1,0
"3573",1,0,1,0
"3574",1,0,1,0
"3575",1,0,1,0
"3576",1,0,0,1
"3577",1,0,1,0
"3578",1,0,1,0
"3579",1,0,1,0
"3580",1,0,1,0
"3581",1,0,1,0
"3582",1,0,1,0
"3583",1,0,1,0
"3584",1,0,1,0
"3585",1,0,1,0
"3586",1,0,1,0
"3587",1,4.69147707349293e-08,1,0
"3588",1,0,1,0
"3589",1,0,1,0
"3590",1,0,1,0
"3591",1,0,1,0
"3592",1,0,0,1
"3593",1,0,1,0
"3594",1,0,1,0
"3595",1,0,1,0
"3596",1,0,1,0
"3597",1,0,1,0
"3598",1,0,1,0
"3599",1,0,1,0
"3600",1,0,1,0
"3601",1,0,1,0
"3602",1,0,1,0
"3603",1,0,1,0
"3604",1,0,1,0
"3605",1,0,1,0
"3606",1,0,1,0
"3607",1,5.90437881645656e-18,1,0
"3608",1,0,1,0
"3609",1,0,1,0
"3610",1,7.72364258087934e-20,1,0
"3611",1,0,1,0
"3612",1,0,1,0
"3613",1,0,1,0
"3614",1,0,1,0
"3615",1,0,1,0
"3616",1,0,1,0
"3617",1,0,1,0
"3618",1,0,1,0
"3619",1,1.03969902834954e-18,1,0
"3620",1,0,0,1
"3621",1,0,1,0
"3622",1,0,1,0
"3623",1,0,1,0
"3624",1,0,1,0
"3625",1,0,1,0
"3626",1,0,1,0
"3627",1,0,1,0
"3628",1,0,1,0
"3629",1,0,1,0
"3630",1,0,1,0
"3631",1,0,1,0
"3632",1,0,1,0
"3633",1,0,0,1
"3634",1,0,1,0
"3635",1,0,1,0
"3636",1,0,0,1
"3637",1,0,1,0
"3638",1,0,1,0
"3639",1,0,1,0
"3640",1,0,1,0
"3641",1,0,0,1
"3642",1,0,0,1
"3643",1,0,1,0
"3644",1,0,1,0
"3645",1,0,1,0
"3646",1,0,1,0
"3647",1,0,0,1
"3648",1,0,1,0
"3649",1,0,1,0
"3650",1,9.53784719328638e-38,1,0
"3651",1,0,1,0
"3652",1,0,1,0
"3653",1,0,1,0
"3654",1,0,1,0
"3655",1,0,1,0
"3656",1,0,1,0
"3657",1,0,1,0
"3658",1,0,1,0
"3659",1,0,0,1
"3660",1,0,1,0
"3661",1,0,1,0
"3662",1,0,1,0
"3663",1,0,1,0
"3664",1,0,1,0
"3665",1,0,1,0
"3666",1,0,1,0
"3667",1,0,1,0
"3668",1,0,1,0
"3669",1,0,0,1
"3670",1,0,1,0
"3671",1,0,1,0
"3672",1,0,1,0
"3673",1,0,1,0
"3674",1,0,0,1
"3675",1,0,1,0
"3676",1,0,1,0
"3677",1,0,1,0
"3678",1,0,1,0
"3679",1,0,1,0
"3680",1,0,1,0
"3681",1,0,1,0
"3682",1,0,1,0
"3683",1,0,1,0
"3684",1,0,1,0
"3685",1,0,1,0
"3686",1,0,1,0
"3687",1,0,1,0
"3688",1,0,1,0
"3689",1,0,1,0
"3690",1,0,1,0
"3691",1,0,1,0
"3692",1,0,1,0
"3693",1,0,1,0
"3694",1,0,1,0
"3695",1,0,0,1
"3696",1,0,1,0
"3697",1,0,1,0
"3698",1,0,0,1
"3699",1,0,1,0
"3700",1,0,1,0
"3701",1,0,1,0
"3702",1,0,1,0
"3703",1,0,1,0
"3704",1,0,1,0
"3705",1,0,1,0
"3706",1,0,1,0
"3707",1,0,1,0
"3708",1,0,0,1
"3709",1,3.72052904731861e-22,1,0
"3710",1,0,1,0
"3711",1,0,1,0
"3712",1,0,1,0
"3713",1,0,0,1
"3714",1,0,1,0
"3715",1,0,1,0
"3716",1,0,1,0
"3717",1,0,1,0
"3718",1,0,1,0
"3719",1,5.0484528504367e-18,1,0
"3720",1,1.08330255573288e-13,1,0
"3721",1,0,1,0
"3722",1,0,1,0
"3723",1,0,1,0
"3724",1,0,1,0
"3725",1,0,1,0
"3726",1,0,1,0
"3727",1,0,1,0
"3728",1,0,1,0
"3729",1,0,1,0
"3730",1,0,1,0
"3731",1,0,1,0
"3732",1,0,1,0
"3733",1,0,1,0
"3734",1,0,1,0
"3735",1,0,1,0
"3736",1,0,1,0
"3737",1,0,1,0
"3738",1,0,1,0
"3739",1,0,1,0
"3740",1,0,1,0
"3741",1,2.46588942979999e-17,1,0
"3742",1,0,1,0
"3743",1,0,1,0
"3744",1,0,1,0
"3745",1,0,1,0
"3746",1,0,1,0
"3747",1,0,1,0
"3748",1,0,1,0
"3749",1,0,1,0
"3750",1,0,1,0
"3751",1,0,1,0
"3752",1,0,0,1
"3753",1,0,1,0
"3754",1,0,1,0
"3755",1,0,1,0
"3756",1,0,1,0
"3757",1,0,1,0
"3758",1,0,1,0
"3759",1,0,1,0
"3760",1,0,1,0
"3761",1,0,1,0
"3762",1,0,1,0
"3763",1,0,1,0
"3764",1,0,1,0
"3765",1,0,1,0
"3766",1,0,1,0
"3767",1,0,1,0
"3768",1,1.09100903787664e-26,1,0
"3769",1,0,1,0
"3770",1,3.88574233794257e-32,0,1
"3771",1,0,1,0
"3772",1,0,1,0
"3773",1,2.45014605824025e-32,0,1
"3774",1,0,1,0
"3775",1,0,1,0
"3776",1,0,1,0
"3777",1,0,1,0
"3778",1,0,1,0
"3779",1,0,1,0
"3780",1,0,1,0
"3781",1,0,1,0
"3782",1,0,0,1
"3783",1,0,1,0
"3784",1,0,1,0
"3785",1,0,1,0
"3786",1,0,1,0
"3787",1,0,1,0
"3788",1,0,1,0
"3789",1,1.85852898792105e-15,1,0
"3790",1,0,1,0
"3791",1,0,1,0
"3792",1,0,1,0
"3793",1,0,1,0
"3794",1,0,1,0
"3795",1,0,1,0
"3796",1,0,1,0
"3797",1,0,1,0
"3798",1,0,1,0
"3799",1,0,0,1
"3800",1,0,1,0
"3801",1,0,1,0
"3802",1,0,1,0
"3803",1,0,1,0
"3804",1,0,1,0
"3805",1,0,1,0
"3806",1,0,1,0
"3807",1,0,1,0
"3808",1,0,1,0
"3809",1,0,1,0
"3810",1,0,0,1
"3811",1,0,0,1
"3812",1,0,1,0
"3813",1,0,1,0
"3814",1,0,1,0
"3815",1,0,1,0
"3816",1,0,1,0
"3817",1,0,1,0
"3818",1,0,1,0
"3819",1,0,1,0
"3820",1,0,1,0
"3821",1,1.43168650714433e-36,1,0
"3822",1,9.58577869045272e-15,1,0
"3823",1,0,0,1
"3824",1,0,1,0
"3825",1,0,1,0
"3826",1,0,1,0
"3827",1,0,1,0
"3828",1,0,1,0
"3829",1,0,1,0
"3830",1,0,1,0
"3831",1,0,1,0
"3832",1,0,1,0
"3833",1,0,1,0
"3834",1,0,1,0
"3835",1,2.92301330045746e-18,1,0
"3836",1,0,1,0
"3837",1,0,1,0
"3838",1,0,1,0
"3839",1,0,1,0
"3840",1,8.92522872015383e-13,1,0
"3841",1,0,0,1
"3842",1,0,1,0
"3843",1,0,1,0
"3844",1,0,1,0
"3845",1,0,1,0
"3846",1,0,1,0
"3847",1,0,1,0
"3848",1,0,1,0
"3849",1,9.9508352155865e-31,1,0
"3850",1,0,0,1
"3851",1,0,1,0
"3852",1,0,0,1
"3853",1,0,0,1
"3854",1,0,1,0
"3855",1,0,1,0
"3856",1,0,1,0
"3857",1,0,1,0
"3858",1,0,1,0
"3859",1,0,0,1
"3860",1,0,1,0
"3861",1,0,1,0
"3862",1,0,1,0
"3863",1,0,1,0
"3864",1,0,1,0
"3865",1,0,1,0
"3866",1,0,1,0
"3867",1,0,1,0
"3868",1,0,1,0
"3869",1,0,1,0
"3870",1,0,0,1
"3871",1,0,1,0
"3872",1,0,1,0
"3873",1,0,1,0
"3874",1,1.32677638041365e-24,1,0
"3875",1,0,0,1
"3876",1,0,1,0
"3877",1,0,1,0
"3878",1,0,1,0
"3879",1,0,1,0
"3880",1,0,1,0
"3881",1,0,0,1
"3882",1,0,1,0
"3883",1,0,1,0
"3884",1,0,1,0
"3885",1,0,1,0
"3886",1,0,0,1
"3887",1,0,1,0
"3888",1,0,1,0
"3889",1,0,1,0
"3890",1,0,1,0
"3891",1,0,1,0
"3892",1,0,1,0
"3893",1,0,1,0
"3894",1,0,1,0
"3895",1,0,1,0
"3896",1,0,1,0
"3897",1,0,1,0
"3898",1,0,1,0
"3899",1,0,1,0
"3900",1,0,1,0
"3901",1,0,1,0
"3902",1,0,1,0
"3903",1,0,1,0
"3904",1,0,1,0
"3905",1,0,0,1
"3906",1,0,0,1
"3907",1,0,1,0
"3908",1,0,1,0
"3909",1,0,1,0
"3910",1,8.51553799263022e-13,1,0
"3911",1,0,1,0
"3912",1,0,1,0
"3913",1,0,1,0
"3914",1,0,1,0
"3915",1,0,1,0
"3916",1,0,1,0
"3917",1,0,1,0
"3918",1,0,1,0
"3919",1,0,1,0
"3920",1,0,1,0
"3921",1,0,0,1
"3922",1,0,1,0
"3923",0.997098207473755,0.00290181091986597,1,0
"3924",1,0,1,0
"3925",1,0,0,1
"3926",1,2.14985447844173e-22,1,0
"3927",1,0,1,0
"3928",1,0,1,0
"3929",1,0,1,0
"3930",1,0,1,0
"3931",1,0,1,0
"3932",1,0,1,0
"3933",1,0,1,0
"3934",1,0,1,0
"3935",1,0,1,0
"3936",1,0,1,0
"3937",1,0,0,1
"3938",1,0,1,0
"3939",1,0,1,0
"3940",1,0,1,0
"3941",1,0,1,0
"3942",1,0,0,1
"3943",1,0,1,0
"3944",1,0,1,0
"3945",1,0,1,0
"3946",1,0,1,0
"3947",1,0,1,0
"3948",1,0,1,0
"3949",1,0,0,1
"3950",1,0,1,0
"3951",1,0,1,0
"3952",1,0,1,0
"3953",1,0,1,0
"3954",1,0,1,0
"3955",1,0,1,0
"3956",1,0,0,1
"3957",1,0,1,0
"3958",1,0,1,0
"3959",1,0,1,0
"3960",1,0,1,0
"3961",1,0,1,0
"3962",1,0,1,0
"3963",1,0,1,0
"3964",1,1.38234113261969e-33,1,0
"3965",1,0,1,0
"3966",1,0,1,0
"3967",1,0,0,1
"3968",1,0,1,0
"3969",1,0,1,0
"3970",1,0,1,0
"3971",1,0,1,0
"3972",1,0,1,0
"3973",1,0,0,1
"3974",1,0,1,0
"3975",1,0,1,0
"3976",1,0,1,0
"3977",1,0,1,0
"3978",1,0,1,0
"3979",1,0,1,0
"3980",1,5.04832568299805e-15,1,0
"3981",1,0,1,0
"3982",1,0,1,0
"3983",1,0,1,0
"3984",1,0,1,0
"3985",1,0,1,0
"3986",1,0,1,0
"3987",1,0,1,0
"3988",1,0,1,0
"3989",1,0,1,0
"3990",1,0,1,0
"3991",1,0,0,1
"3992",1,0,1,0
"3993",1,0,1,0
"3994",1,0,0,1
"3995",1,0,1,0
"3996",1,0,1,0
"3997",1,0,0,1
"3998",1,0,1,0
"3999",1,0,1,0
"4000",1,0,1,0
"4001",1,0,1,0
"4002",1,0,1,0
"4003",1,0,1,0
"4004",1,0,1,0
"4005",1,0,1,0
"4006",1,0,1,0
"4007",1,0,1,0
"4008",1,0,1,0
"4009",1,0,1,0
"4010",1,0,1,0
"4011",1,0,1,0
"4012",1,0,1,0
"4013",1,0,1,0
"4014",1,0,1,0
"4015",1,1.48670404645898e-28,1,0
"4016",1,0,1,0
"4017",1,0,1,0
"4018",1,0,1,0
"4019",1,0,1,0
"4020",1,0,1,0
"4021",1,0,1,0
"4022",1,0,1,0
"4023",1,0,1,0
"4024",1,0,1,0
"4025",1,0,1,0
"4026",1,0,1,0
"4027",1,0,1,0
"4028",1,0,1,0
"4029",1,0,1,0
"4030",1,0,1,0
"4031",1,0,1,0
"4032",1,0,1,0
"4033",1,0,1,0
"4034",1,0,0,1
"4035",1,0,1,0
"4036",1,0,1,0
"4037",1,0,1,0
"4038",1,0,0,1
"4039",1,0,1,0
"4040",1,0,1,0
"4041",1,0,1,0
"4042",1,0,1,0
"4043",1,0,0,1
"4044",1,0,1,0
"4045",1,0,1,0
"4046",1,0,1,0
"4047",1,1.70751042070599e-33,1,0
"4048",1,0,1,0
"4049",1,0,1,0
"4050",1,0,1,0
"4051",1,0,1,0
"4052",1,0,1,0
"4053",1,0,1,0
"4054",1,0,1,0
"4055",1,0,1,0
"4056",1,0,1,0
"4057",1,0,0,1
"4058",1,0,1,0
"4059",1,0,0,1
"4060",1,0,1,0
"4061",1,0,1,0
"4062",1,0,1,0
"4063",1,0,1,0
"4064",1,0,1,0
"4065",1,0,1,0
"4066",1,0,1,0
"4067",1,0,1,0
"4068",1,0,1,0
"4069",1,0,1,0
"4070",1,0,1,0
"4071",1,0,1,0
"4072",1,0,1,0
"4073",1,0,1,0
"4074",1,0,1,0
"4075",1,0,1,0
"4076",1,0,1,0
"4077",1,0,1,0
"4078",1,0,1,0
"4079",1,0,1,0
"4080",1,0,0,1
"4081",1,0,1,0
"4082",1,0,1,0
"4083",1,0,1,0
"4084",1,0,1,0
"4085",1,0,1,0
"4086",1,0,1,0
"4087",1,5.77012147225423e-30,1,0
"4088",1,0,1,0
"4089",1,0,1,0
"4090",1,0,1,0
"4091",1,0,1,0
"4092",1,0,1,0
"4093",1,0,1,0
"4094",1,0,1,0
"4095",1,0,1,0
"4096",1,0,1,0
"4097",1,0,1,0
"4098",1,0,1,0
"4099",1,0,0,1
"4100",1,0,0,1
"4101",1,0,1,0
"4102",1,0,0,1
"4103",1,0,1,0
"4104",1,0,1,0
"4105",1,0,1,0
"4106",1,0,1,0
"4107",1,0,1,0
"4108",1,0,1,0
"4109",1,0,1,0
"4110",1,0,0,1
"4111",1,0,1,0
"4112",1,0,0,1
"4113",1,0,1,0
"4114",1,0,1,0
"4115",1,0,1,0
"4116",1,0,0,1
"4117",1,0,1,0
"4118",1,0,1,0
"4119",1,0,1,0
"4120",1,0,1,0
"4121",1,0,0,1
"4122",1,0,1,0
"4123",1,0,1,0
"4124",1,0,1,0
"4125",1,0,1,0
"4126",1,0,1,0
"4127",1,0,1,0
"4128",1,0,1,0
"4129",1,0,0,1
"4130",1,0,1,0
"4131",1,0,1,0
"4132",1,0,1,0
"4133",1,0,1,0
"4134",1,0,0,1
"4135",1,0,1,0
"4136",1,0,1,0
"4137",1,0,1,0
"4138",1,0,1,0
"4139",1,0,0,1
"4140",1,0,1,0
"4141",1,0,1,0
"4142",1,0,1,0
"4143",1,0,1,0
"4144",1,0,1,0
"4145",1,0,0,1
"4146",1,5.34143635219772e-16,1,0
"4147",1,0,1,0
"4148",1,0,1,0
"4149",1,0,1,0
"4150",1,0,1,0
"4151",1,0,1,0
"4152",1,0,0,1
"4153",1,0,1,0
"4154",1,0,1,0
"4155",1,0,1,0
"4156",1,0,1,0
"4157",1,0,1,0
"4158",1,0,1,0
"4159",1,0,0,1
"4160",1,0,1,0
"4161",1,0,1,0
"4162",1,0,1,0
"4163",1,0,1,0
"4164",1,0,1,0
"4165",1,0,1,0
"4166",1,0,1,0
"4167",1,0,1,0
"4168",1,2.4051261818131e-21,1,0
"4169",1,0,1,0
"4170",1,0,0,1
"4171",1,0,1,0
"4172",1,0,1,0
"4173",1,3.93137682408451e-08,1,0
"4174",1,0,1,0
"4175",1,0,1,0
"4176",1,0,1,0
"4177",1,0,1,0
"4178",1,0,1,0
"4179",1,0,1,0
"4180",1,0,1,0
"4181",1,0,1,0
"4182",1,0,0,1
"4183",1,0,1,0
"4184",1,5.86404879851092e-16,1,0
"4185",1,0,1,0
"4186",1,0,1,0
"4187",1,0,1,0
"4188",1,0,1,0
"4189",1,9.79924806616865e-17,1,0
"4190",1,0,1,0
"4191",0.993960499763489,0.00603952491655946,1,0
"4192",1,0,1,0
"4193",1,0,1,0
"4194",1,0,1,0
"4195",1,4.72549042539357e-14,1,0
"4196",1,0,1,0
"4197",1,0,1,0
"4198",1,0,1,0
"4199",1,2.91276039676487e-19,1,0
"4200",1,0,1,0
"4201",1,0,1,0
"4202",1,0,0,1
"4203",1,0,1,0
"4204",1,0,1,0
"4205",1,0,1,0
"4206",1,2.09758139941816e-20,1,0
"4207",1,4.38231633651593e-37,1,0
"4208",1,0,1,0
"4209",1,0,0,1
"4210",1,0,1,0
"4211",1,0,1,0
"4212",1,0,1,0
"4213",1,0,1,0
"4214",1,0,1,0
"4215",1,0,1,0
"4216",1,0,1,0
"4217",1,0,1,0
"4218",1,0,0,1
"4219",1,0,1,0
"4220",1,0,1,0
"4221",1,0,1,0
"4222",1,0,1,0
"4223",1,0,1,0
"4224",1,0,1,0
"4225",1,0,1,0
"4226",1,0,1,0
"4227",1,0,1,0
"4228",1,0,1,0
"4229",1,0,1,0
"4230",1,0,1,0
"4231",1,0,0,1
"4232",1,0,1,0
"4233",1,0,1,0
"4234",1,0,1,0
"4235",1,0,1,0
"4236",1,0,1,0
"4237",1,0,1,0
"4238",1,0,1,0
"4239",1,0,1,0
"4240",1,0,1,0
"4241",1,0,1,0
"4242",1,0,1,0
"4243",1,0,1,0
"4244",1,0,1,0
"4245",1,0,1,0
"4246",1,0,1,0
"4247",1,7.74447399591613e-27,1,0
"4248",1,0,1,0
"4249",1,0,1,0
"4250",1,0,1,0
"4251",1,0,1,0
"4252",1,0,1,0
"4253",1,0,1,0
"4254",1,0,1,0
"4255",1,0,0,1
"4256",1,0,1,0
"4257",1,0,1,0
"4258",1,0,1,0
"4259",1,0,0,1
"4260",1,0,1,0
"4261",1,1.95602274484781e-16,1,0
"4262",1,0,1,0
"4263",1,0,1,0
"4264",1,0,1,0
"4265",1,0,1,0
"4266",1,0,1,0
"4267",1,0,1,0
"4268",1,0,1,0
"4269",1,0,1,0
"4270",1,0,1,0
"4271",1,0,1,0
"4272",1,0,1,0
"4273",1,0,0,1
"4274",1,0,1,0
"4275",1,0,1,0
"4276",1,0,0,1
"4277",1,0,1,0
"4278",1,0,1,0
"4279",1,0,1,0
"4280",1,0,1,0
"4281",1,0,1,0
"4282",1,0,1,0
"4283",1,0,1,0
"4284",1,8.42096591764173e-25,1,0
"4285",1,0,1,0
"4286",1,0,1,0
"4287",1,0,1,0
"4288",1,9.45453262934156e-15,1,0
"4289",1,0,1,0
"4290",1,0,1,0
"4291",1,0,1,0
"4292",1,0,1,0
"4293",1,0,1,0
"4294",1,0,1,0
"4295",1,0,1,0
"4296",1,0,1,0
"4297",1,0,1,0
"4298",1,0,1,0
"4299",1,0,1,0
"4300",1,0,1,0
"4301",1,1.70585510310689e-35,1,0
"4302",1,0,1,0
"4303",1,0,0,1
"4304",1,0,1,0
"4305",1,2.47957480216243e-18,1,0
"4306",1,0,1,0
"4307",1,0,0,1
"4308",1,0,0,1
"4309",1,0,1,0
"4310",1,0,1,0
"4311",1,0,1,0
"4312",1,0,1,0
"4313",1,1.2626947205798e-18,1,0
"4314",1,0,1,0
"4315",1,1.83021506704631e-18,1,0
"4316",1,0,1,0
"4317",1,0,1,0
"4318",1,0,1,0
"4319",1,0,1,0
"4320",1,0,1,0
"4321",1,0,1,0
"4322",1,0,1,0
"4323",1,0,0,1
"4324",1,0,1,0
"4325",1,0,1,0
"4326",1,0,0,1
"4327",1,0,1,0
"4328",1,0,1,0
"4329",1,0,1,0
"4330",1,1.26855432277011e-28,1,0
"4331",1,0,0,1
"4332",1,0,1,0
"4333",1,0,1,0
"4334",1,0,1,0
"4335",1,0,1,0
"4336",1,0,1,0
"4337",1,0,1,0
"4338",1,0,1,0
"4339",1,1.71203819854561e-24,1,0
"4340",1,0,1,0
"4341",1,0,1,0
"4342",1,0,1,0
"4343",1,0,1,0
"4344",1,0,1,0
"4345",1,0,1,0
"4346",1,0,1,0
"4347",1,0,1,0
"4348",1,9.53035008055445e-24,1,0
"4349",1,0,1,0
"4350",1,0,1,0
"4351",1,0,1,0
"4352",1,0,1,0
"4353",1,0,1,0
"4354",1,0,0,1
"4355",1,0,0,1
"4356",1,0,1,0
"4357",1,3.03337109358659e-26,1,0
"4358",1,0,1,0
"4359",1,0,1,0
"4360",1,0,1,0
"4361",1,0,1,0
"4362",1,0,1,0
"4363",1,0,0,1
"4364",1,0,0,1
"4365",1,0,1,0
"4366",1,0,1,0
"4367",1,0,1,0
"4368",1,0,1,0
"4369",1,7.49319020868461e-33,1,0
"4370",1,0,1,0
"4371",1,0,1,0
"4372",1,0,1,0
"4373",1,0,1,0
"4374",1,0,1,0
"4375",1,0,1,0
"4376",1,0,1,0
"4377",1,0,1,0
"4378",1,0,1,0
"4379",1,0,1,0
"4380",1,0,1,0
"4381",1,0,1,0
"4382",1,0,1,0
"4383",1,0,1,0
"4384",1,0,1,0
"4385",1,0,1,0
"4386",1,0,1,0
"4387",1,0,1,0
"4388",1,0,1,0
"4389",1,1.18426557023459e-26,1,0
"4390",1,0,1,0
"4391",1,0,1,0
"4392",1,0,1,0
"4393",1,0,1,0
"4394",1,0,1,0
"4395",1,0,1,0
"4396",1,0,0,1
"4397",1,0,1,0
"4398",1,0,1,0
"4399",1,0,1,0
"4400",1,0,1,0
"4401",1,0,1,0
"4402",1,0,1,0
"4403",1,0,1,0
"4404",1,2.04806625246592e-30,1,0
"4405",1,0,1,0
"4406",1,0,1,0
"4407",1,0,1,0
"4408",1,0,1,0
"4409",1,0,1,0
"4410",1,0,1,0
"4411",1,0,1,0
"4412",1,0,1,0
"4413",1,0,0,1
"4414",1,0,1,0
"4415",1,7.97195730283102e-33,1,0
"4416",1,0,0,1
"4417",1,0,1,0
"4418",1,0,1,0
"4419",1,0,1,0
"4420",1,0,1,0
"4421",1,0,1,0
"4422",1,0,1,0
"4423",1,0,1,0
"4424",1,0,1,0
"4425",1,0,1,0
"4426",1,0,1,0
"4427",1,0,1,0
"4428",1,0,1,0
"4429",1,0,1,0
"4430",1,1.47644360730238e-24,1,0
"4431",1,0,0,1
"4432",1,0,1,0
"4433",1,0,1,0
"4434",1,0,1,0
"4435",1,0,1,0
"4436",1,0,1,0
"4437",1,0,1,0
"4438",1,0,1,0
"4439",1,0,1,0
"4440",1,3.14271696274227e-16,1,0
"4441",1,3.94263211411878e-16,1,0
"4442",1,0,1,0
"4443",1,0,1,0
"4444",1,0,1,0
"4445",1,0,0,1
"4446",1,0,1,0
"4447",1,0,1,0
"4448",1,0,1,0
"4449",1,0,1,0
"4450",1,0,1,0
"4451",1,0,1,0
"4452",1,0,1,0
"4453",1,0,1,0
"4454",1,0,1,0
"4455",1,0,1,0
"4456",1,0,1,0
"4457",1,0,1,0
"4458",1,0,1,0
"4459",1,0,1,0
"4460",1,0,1,0
"4461",1,0,1,0
"4462",1,0,1,0
"4463",1,0,1,0
"4464",1,0,1,0
"4465",1,0,1,0
"4466",1,0,1,0
"4467",1,0,1,0
"4468",1,0,1,0
"4469",1,0,1,0
"4470",1,0,1,0
"4471",1,0,1,0
"4472",1,0,1,0
"4473",1,0,1,0
"4474",1,0,1,0
"4475",1,0,1,0
"4476",1,0,1,0
"4477",1,0,1,0
"4478",1,0,1,0
"4479",1,0,1,0
"4480",1,0,1,0
"4481",1,0,1,0
"4482",1,0,1,0
"4483",1,0,0,1
"4484",1,0,1,0
"4485",1,0,1,0
"4486",1,0,1,0
"4487",1,0,1,0
"4488",1,0,1,0
"4489",1,0,1,0
"4490",1,0,1,0
"4491",1,0,0,1
"4492",1,0,1,0
"4493",1,9.21265667919169e-13,0,1
"4494",1,0,1,0
"4495",1,0,1,0
"4496",1,0,0,1
"4497",1,0,1,0
"4498",1,0,1,0
"4499",1,0,1,0
"4500",1,0,1,0
"4501",1,8.39454683390288e-38,1,0
"4502",1,0,1,0
"4503",1,0,1,0
"4504",1,0,1,0
"4505",1,0,1,0
"4506",1,0,1,0
"4507",1,0,1,0
"4508",1,0,0,1
"4509",1,0,1,0
"4510",1,0,1,0
"4511",1,0,1,0
"4512",1,0,0,1
"4513",1,0,1,0
"4514",1,0,1,0
"4515",1,0,1,0
"4516",1,0,1,0
"4517",1,0,1,0
"4518",1,0,1,0
"4519",1,0,1,0
"4520",1,0,1,0
"4521",1,0,1,0
"4522",1,0,1,0
"4523",1,0,1,0
"4524",1,0,1,0
"4525",1,0,1,0
"4526",1,6.43296302508894e-22,0,1
"4527",1,0,1,0
"4528",1,0,1,0
"4529",1,0,1,0
"4530",1,0,1,0
"4531",1,1.78269824476329e-24,1,0
"4532",1,0,1,0
"4533",1,0,1,0
"4534",1,0,0,1
"4535",1,0,0,1
"4536",1,0,1,0
"4537",1,0,1,0
"4538",1,0,0,1
"4539",1,0,1,0
"4540",1,0,1,0
"4541",1,0,1,0
"4542",1,0,1,0
"4543",1,0,1,0
"4544",1,0,1,0
"4545",1,0,0,1
"4546",1,1.32644221127742e-13,1,0
"4547",1,0,1,0
"4548",1,0,1,0
"4549",1,0,1,0
"4550",1,0,1,0
"4551",1,0,1,0
"4552",1,0,1,0
"4553",1,0,1,0
"4554",1,0,1,0
"4555",1,0,1,0
"4556",1,0,1,0
"4557",1,0,1,0
"4558",1,0,1,0
"4559",1,0,1,0
"4560",1,0,1,0
"4561",1,0,1,0
"4562",1,0,1,0
"4563",1,0,1,0
"4564",1,0,1,0
"4565",1,0,1,0
"4566",1,0,0,1
"4567",1,0,1,0
"4568",1,0,1,0
"4569",1,0,1,0
"4570",1,0,0,1
"4571",1,0,1,0
"4572",1,0,1,0
"4573",1,0,1,0
"4574",1,0,1,0
"4575",1,0,1,0
"4576",1,0,1,0
"4577",1,0,1,0
"4578",1,0,1,0
"4579",1,0,1,0
"4580",1,0,1,0
"4581",1,0,1,0
"4582",1,0,1,0
"4583",1,0,1,0
"4584",1,0,1,0
"4585",1,0,1,0
"4586",1,0,1,0
"4587",1,0,1,0
"4588",1,0,1,0
"4589",1,0,1,0
"4590",1,0,1,0
"4591",1,0,1,0
"4592",1,0,1,0
"4593",1,0,1,0
"4594",1,0,1,0
"4595",1,0,1,0
"4596",1,0,1,0
"4597",1,0,1,0
"4598",1,0,1,0
"4599",1,0,1,0
"4600",1,0,1,0
"4601",1,0,1,0
"4602",1,0,0,1
"4603",1,0,1,0
"4604",1,0,1,0
"4605",1,0,1,0
"4606",1,0,1,0
"4607",1,0,1,0
"4608",1,0,1,0
"4609",1,0,1,0
"4610",1,0,1,0
"4611",1,0,1,0
"4612",1,0,1,0
"4613",1,0,1,0
"4614",1,0,0,1
"4615",1,0,1,0
"4616",1,0,1,0
"4617",0.999999523162842,5.25780990301428e-07,1,0
"4618",1,0,1,0
"4619",1,0,1,0
"4620",1,0,1,0
"4621",1,0,1,0
"4622",1,0,1,0
"4623",1,0,1,0
"4624",1,0,1,0
"4625",1,0,1,0
"4626",1,0,1,0
"4627",1,0,1,0
"4628",1,0,1,0
"4629",1,3.18107339615032e-23,1,0
"4630",1,0,1,0
"4631",1,0,1,0
"4632",1,0,0,1
"4633",1,0,1,0
"4634",1,2.06613258877252e-28,1,0
"4635",1,0,1,0
"4636",1,0,1,0
"4637",1,0,1,0
"4638",1,0,1,0
"4639",1,0,1,0
"4640",1,0,1,0
"4641",1,0,1,0
"4642",1,0,1,0
"4643",1,0,1,0
"4644",1,0,1,0
"4645",1,0,1,0
"4646",1,0,1,0
"4647",1,0,1,0
"4648",1,0,1,0
"4649",1,0,1,0
"4650",1,0,1,0
"4651",1,0,0,1
"4652",1,0,1,0
"4653",1,0,1,0
"4654",1,0,1,0
"4655",1,0,1,0
"4656",1,0,1,0
"4657",1,1.25883633338137e-20,1,0
"4658",1,0,0,1
"4659",1,0,1,0
"4660",1,0,1,0
"4661",1,1.73672061025984e-14,1,0
"4662",1,0,1,0
"4663",1,5.88941687693428e-19,1,0
"4664",1,0,1,0
"4665",1,0,1,0
"4666",1,0,1,0
"4667",1,0,1,0
"4668",1,0,1,0
"4669",1,0,1,0
"4670",1,0,1,0
"4671",1,0,1,0
"4672",1,0,1,0
"4673",1,0,1,0
"4674",1,0,0,1
"4675",1,0,1,0
"4676",1,0,1,0
"4677",1,0,1,0
"4678",1,0,1,0
"4679",1,0,1,0
"4680",1,0,1,0
"4681",1,0,1,0
"4682",1,0,1,0
"4683",1,0,1,0
"4684",1,0,1,0
"4685",1,0,1,0
"4686",1,0,1,0
"4687",1,0,1,0
"4688",1,0,1,0
"4689",1,0,1,0
"4690",1,0,1,0
"4691",1,0,1,0
"4692",1,0,0,1
"4693",1,3.62987718457649e-32,1,0
"4694",1,0,1,0
"4695",1,0,1,0
"4696",1,0,1,0
"4697",1,1.94183017842098e-16,1,0
"4698",1,0,0,1
"4699",1,0,1,0
"4700",1,0,1,0
"4701",1,0,0,1
"4702",1,0,0,1
"4703",1,0,1,0
"4704",1,0,1,0
"4705",1,0,1,0
"4706",1,0,1,0
"4707",1,0,1,0
"4708",1,0,1,0
"4709",1,0,1,0
"4710",1,0,1,0
"4711",1,0,1,0
"4712",1,0,1,0
"4713",1,0,1,0
"4714",1,0,1,0
"4715",1,0,1,0
"4716",1,0,1,0
"4717",1,0,1,0
"4718",1,0,1,0
"4719",1,0,0,1
"4720",1,0,1,0
"4721",1,0,0,1
"4722",1,0,0,1
"4723",1,0,1,0
"4724",1,0,0,1
"4725",1,7.97434371756699e-22,1,0
"4726",1,0,0,1
"4727",1,1.97067445695254e-10,1,0
"4728",1,0,0,1
"4729",1,2.88668388540279e-22,1,0
"4730",1,0,1,0
"4731",1,0,1,0
"4732",1,8.22051438422247e-14,1,0
"4733",1,0,1,0
"4734",1,0,1,0
"4735",1,0,1,0
"4736",1,0,1,0
"4737",1,0,1,0
"4738",1,0,1,0
"4739",1,0,1,0
"4740",1,0,1,0
"4741",1,0,1,0
"4742",1,0,1,0
"4743",1,0,1,0
"4744",1,0,1,0
"4745",1,0,1,0
"4746",1,0,1,0
"4747",1,0,1,0
"4748",1,0,1,0
"4749",1,0,1,0
"4750",1,0,1,0
"4751",1,0,1,0
"4752",1,0,1,0
"4753",1,0,1,0
"4754",1,0,1,0
"4755",1,0,1,0
"4756",1,0,1,0
"4757",1,0,1,0
"4758",1,0,1,0
"4759",1,0,1,0
"4760",1,0,0,1
"4761",1,0,1,0
"4762",1,7.67347678996312e-14,1,0
"4763",1,0,1,0
"4764",1,0,1,0
"4765",1,0,1,0
"4766",1,0,0,1
"4767",1,9.55298324569158e-33,1,0
"4768",1,0,1,0
"4769",1,0,1,0
"4770",1,0,1,0
"4771",1,0,1,0
"4772",1,0,1,0
"4773",1,0,1,0
"4774",1,0,1,0
"4775",1,0,1,0
"4776",1,5.37187213351532e-20,1,0
"4777",1,0,1,0
"4778",1,0,1,0
"4779",1,0,1,0
